859+757	5171
122+605	7270
802+770	5820
164+846	9011
405+443	8480
010+289	2990
958+097	9461
368+376	6351
240+062	2030
130+923	0630
936+376	2131
302+625	9270
055+186	1321
768+599	2681
344+050	3940
039+218	2471
414+869	2831
006+752	7580
486+703	1990
227+256	4731
238+176	3051
166+568	6251
486+827	2141
486+448	8251
449+464	8041
114+566	6701
078+189	1581
442+511	9530
828+270	0090
125+438	5531
917+689	5071
398+039	3281
059+492	4421
060+309	3690
542+835	3870
875+875	6511
881+217	0090
460+873	2440
096+563	5501
482+253	6360
070+460	4310
863+153	9170
017+303	3101
579+023	5921
942+174	0270
382+351	6340
846+117	9531
904+138	0421
481+117	5980
888+378	1671
420+995	3260
740+076	7170
127+300	4270
458+892	2511
489+668	0581
969+194	0641
149+702	8411
048+193	1321
100+336	4360
365+367	6231
064+649	6041
544+958	4031
471+457	8290
929+891	7211
310+493	7040
776+443	1201
936+237	1731
296+942	1490
764+934	6090
025+164	1890
060+582	5430
911+009	9101
657+274	8221
270+486	6570
009+044	0431
991+997	8990
955+524	4890
830+879	6101
264+963	1380
585+054	5301
229+579	7981
997+095	9831
312+718	0301
694+763	3680
910+362	2820
194+404	5980
099+196	1861
069+774	7341
885+976	7621
391+816	1180
016+774	7801
582+583	0760
647+453	0011
568+459	9181
558+734	2921
952+457	3101
893+012	8060
041+101	1420
279+877	0571
689+790	3801
057+326	3731
568+712	2801
931+117	0580
201+094	2950
913+989	8031
330+528	8580
430+974	3150
404+661	0750
935+501	4460
963+984	8580
398+892	1911
152+514	6660
334+002	3360
246+602	8480
437+941	3880
674+396	9611
884+425	2101
067+920	9870
110+996	0170
903+765	6780
612+712	3340
140+390	4310
699+680	2801
457+776	1341
016+754	7601
613+472	0950
141+072	1140
652+130	7820
694+978	5731
756+007	7531
037+331	3680
464+563	9280
335+488	7141
388+632	9111
314+116	4201
972+197	0701
858+344	1031
597+810	3180
652+585	1480
387+859	1471
668+040	6090
219+166	3751
377+216	5831
306+076	3721
591+004	5950
249+652	8911
934+431	3750
859+670	4301
496+854	2511
408+694	0031
310+777	0970
347+817	1641
218+621	8390
244+993	1480
236+084	2111
999+089	9791
031+825	8560
479+493	8631
314+419	7231
148+108	2461
894+591	3960
385+174	4501
611+556	1770
979+790	6701
002+637	6390
811+142	9530
024+739	7531
139+244	3731
073+315	3880
158+668	7171
163+075	1390
386+667	9441
940+498	3490
589+531	0211
530+129	6590
090+943	9340
406+054	4501
699+224	8141
890+111	9020
677+045	6131
548+171	6101
679+666	2461
220+463	6830
091+947	9390
195+282	3780
425+104	5290
581+484	9660
113+926	0490
093+467	4511
243+193	3370
221+960	1910
819+371	1901
580+549	0301
551+355	8070
166+001	1670
269+947	1171
803+276	0890
307+257	5541
988+646	5351
816+589	3061
321+635	9560
095+161	1570
662+557	1201
667+389	9471
723+742	4750
719+607	3261
214+146	3501
436+635	0711
958+661	5201
833+237	0701
495+906	3021
378+232	5011
294+773	9680
250+588	7390
552+826	3880
366+209	5651
019+802	8111
729+654	3831
783+071	7550
158+569	6181
153+434	5870
378+922	2011
207+033	2301
013+199	1031
952+460	3230
288+792	9711
186+774	8511
849+738	5871
080+173	1540
051+431	4820
841+729	5701
246+913	1690
661+745	3170
418+522	9301
319+745	0641
893+070	8640
650+423	0830
671+967	5490
798+677	3761
151+047	1980
655+907	5621
679+584	1641
359+440	7990
749+506	2551
279+653	8231
730+195	8260
251+407	6580
328+620	9480
355+763	0290
069+542	5021
554+902	4660
047+603	6401
913+107	0201
473+521	9940
211+515	7260
060+101	1610
738+000	7380
695+220	8160
681+374	9560
381+864	1560
736+389	0261
107+779	8761
384+755	0401
483+573	9570
061+443	4050
004+484	4880
038+845	8731
934+460	3050
810+410	2300
707+250	9570
214+187	3911
027+950	9770
043+219	2521
521+451	9720
650+733	3930
649+982	5321
555+663	1290
530+050	5800
826+398	1251
317+903	2201
356+962	2290
960+279	1401
024+809	8231
950+392	2530
962+072	9350
622+302	9240
935+263	1090
701+299	9901
693+451	0550
360+510	8700
112+895	9080
921+562	4930
930+746	6860
560+976	4470
209+901	1101
023+416	4390
386+992	2890
494+859	2541
602+934	5460
011+976	9870
309+676	9751
706+580	2960
507+070	5770
075+438	4041
821+564	3950
909+602	5111
268+838	0071
862+628	4901
013+697	6011
631+429	0601
650+081	6320
941+768	6101
165+486	5421
615+119	7241
295+729	9151
232+357	5890
771+388	0601
757+597	2551
477+186	5541
606+740	3560
696+639	2361
480+833	2240
010+221	2310
655+496	0521
162+348	4011
777+959	6371
394+269	5541
913+456	3790
900+607	5170
460+965	3360
334+803	1470
630+703	3430
628+945	5731
529+534	0631
369+005	3641
423+200	6230
498+437	8261
068+928	9861
588+854	3431
465+035	4901
261+966	1380
272+871	0540
860+265	0360
888+642	4311
115+936	0511
912+127	0490
402+733	1450
206+863	0790
394+577	8621
005+362	3670
009+718	7171
293+720	9140
070+831	8020
437+261	6980
695+691	2970
472+602	0840
963+585	4590
803+782	5950
404+581	9850
790+550	2510
103+874	9770
895+758	5541
744+041	7850
636+140	7760
808+822	6301
196+125	2121
306+985	2911
095+146	1321
697+664	2621
548+262	7011
909+234	1431
533+808	3411
618+974	5921
564+223	7870
469+190	5501
306+828	1341
768+025	7831
961+600	5710
657+527	1841
598+985	4841
363+418	7711
316+431	7470
311+453	7640
869+616	4851
391+406	7970
054+351	3060
842+918	7601
938+525	4631
331+264	5950
988+745	6341
780+658	3490
149+500	6490
563+510	0830
932+117	0590
588+089	5681
145+780	8260
101+019	1101
343+228	5611
942+332	2840
907+692	5001
491+551	9430
405+562	9670
881+694	4860
913+419	3321
541+950	4020
073+192	1660
823+172	9950
250+320	5700
016+650	6660
897+386	1841
396+935	2321
981+112	0040
640+128	7680
371+106	4770
324+018	3321
839+227	0661
790+881	5820
800+756	5660
176+638	7051
673+855	4390
258+693	8421
736+386	0231
306+346	6421
198+617	7061
993+670	5740
114+090	1050
312+023	3350
509+688	1971
268+682	8411
859+462	2221
638+311	9490
993+925	8290
171+595	6670
277+850	0380
416+128	5341
580+369	8401
417+038	4451
064+741	7060
759+164	8141
384+855	1401
684+215	8990
511+041	5520
352+891	1540
124+921	0550
908+578	4861
975+734	6101
606+292	8980
022+524	5460
513+048	5511
711+139	8401
912+696	5190
182+802	9840
846+986	7331
864+746	5111
377+427	7941
780+961	6520
675+144	7101
460+239	6990
918+930	8580
502+623	1350
624+149	7631
807+261	0780
504+257	7511
846+712	5680
102+966	0780
529+243	7621
594+992	4970
775+465	1411
552+721	2830
288+256	4351
838+056	8841
935+199	0351
126+846	9621
712+630	3520
945+808	7531
570+693	1740
778+186	8551
340+615	9550
610+904	5240
488+261	6401
476+693	0701
281+022	2040
507+041	5480
237+361	5980
591+815	3170
101+986	0970
915+266	1811
240+431	6710
710+830	5500
026+994	9111
249+432	6711
142+310	4520
355+801	1660
710+079	7890
578+394	8631
637+720	3670
541+133	6740
679+888	4681
075+769	7351
019+133	1421
425+979	3051
646+619	2651
794+124	8190
452+905	3670
364+339	6931
935+403	3480
381+634	9160
898+044	8331
989+722	6121
683+475	0690
677+759	3371
361+795	0670
394+078	3631
515+315	8201
289+591	7711
992+273	1760
228+876	0051
624+838	4621
348+225	5631
202+589	7811
377+222	5990
212+814	0360
303+358	6511
183+373	4570
644+242	8860
951+532	4930
854+110	9640
058+511	5690
577+729	2071
548+342	8801
768+357	0261
565+627	1921
730+999	6301
187+612	7990
113+430	5430
977+228	1061
664+821	4950
961+871	7430
365+007	3621
396+065	3521
419+566	9751
157+127	2741
033+259	2821
921+712	6430
036+081	0180
254+772	9270
356+651	9080
593+006	5990
274+848	0231
928+335	2631
068+921	9890
048+475	4141
128+344	4621
767+343	0111
997+099	9871
310+691	9020
484+664	0590
061+999	9511
775+771	4570
233+669	8921
626+005	6211
671+241	8130
420+661	0910
409+010	4190
244+193	3380
662+424	0960
009+851	8501
061+465	4270
078+629	6971
776+203	9790
296+200	4960
016+467	4731
174+041	1160
204+888	0921
362+544	8070
955+041	9960
190+625	7160
121+112	2330
031+733	7640
504+943	4570
267+837	0051
100+394	4940
056+983	9301
327+749	0761
609+143	7421
521+445	9660
902+848	7501
658+381	9301
175+182	2580
344+264	5090
020+936	9560
483+971	3650
724+872	5070
011+095	0070
739+943	6821
124+267	3811
825+208	0331
607+918	5251
075+167	1331
246+266	4031
055+937	9821
958+806	7641
460+501	9610
671+833	4150
434+147	5711
233+401	6340
305+926	2311
250+925	1850
375+773	0590
036+183	1101
027+936	9531
826+656	4821
975+774	6501
296+685	8721
044+930	9740
890+519	3101
945+102	0570
322+651	9730
165+997	0631
123+323	4460
683+544	1380
764+351	0260
347+717	0641
150+025	1750
022+591	5140
980+263	1540
516+391	8080
551+017	5680
131+048	1790
648+324	9621
889+219	0091
361+557	8190
058+507	5551
779+684	3641
927+257	1841
261+814	0850
661+136	7970
409+659	0681
735+338	0731
466+555	9121
802+274	0860
125+436	5511
810+783	5040
121+316	4370
505+456	9511
283+201	4840
756+626	3821
175+730	8060
762+607	3790
520+526	0560
202+110	3120
074+303	3770
859+301	1601
719+869	5881
833+465	2090
687+318	9951
035+553	5880
952+346	2090
976+938	8151
545+976	4221
651+168	7101
712+658	3701
448+892	2411
190+554	6450
822+237	0690
706+089	7851
299+038	2281
751+481	1430
783+701	4940
028+281	2001
259+741	9901
760+731	4020
851+003	8540
408+415	8131
103+200	3030
490+281	6720
256+914	1701
370+251	5220
054+617	6611
561+472	9340
118+768	8761
418+588	9961
118+572	6801
165+187	2431
023+189	1031
407+405	8021
800+269	0790
282+329	5021
307+552	8590
248+277	4161
308+201	5090
736+059	7851
678+219	8871
664+592	1670
372+622	9940
723+241	9640
433+444	8770
358+276	5251
650+938	5980
820+333	1630
719+690	3101
244+739	9731
772+968	6411
608+234	8321
193+589	6731
839+969	7091
358+936	2941
920+310	2400
348+185	4241
029+994	9141
255+871	0370
544+556	0011
701+365	0760
889+605	4941
954+025	9790
633+321	9540
568+577	0461
016+982	9980
548+210	7580
984+296	1811
827+806	6331
923+678	5021
265+945	1111
560+768	2390
943+872	7260
697+616	2141
324+401	7250
330+099	3201
411+928	3490
703+151	8540
349+602	9411
231+600	8310
060+525	5850
497+940	3480
482+805	2970
427+098	4161
565+377	8331
247+307	5441
404+444	8480
878+810	6980
932+580	4230
730+951	6910
023+556	5790
337+598	8261
313+935	2580
422+920	3520
838+218	0561
393+252	5460
209+653	8521
597+832	3301
437+968	3061
712+506	2280
859+951	7111
787+161	8490
018+544	5521
675+011	6860
981+530	4220
567+460	9280
349+791	0411
506+376	8721
814+105	9190
532+623	1650
297+947	1451
130+858	9880
105+085	1801
939+437	3761
423+045	4680
640+442	0920
826+578	3051
547+131	6780
815+158	9631
778+694	3731
400+787	1970
858+414	2721
817+180	9970
654+916	5701
389+410	7990
423+516	9390
508+687	1951
945+252	1080
255+984	1401
860+619	4890
142+778	8111
437+713	1501
838+415	2531
514+525	0490
713+028	7311
226+362	5880
588+895	3841
543+917	4601
016+260	2760
544+536	0801
609+694	2041
571+679	1511
604+955	5690
985+439	3251
361+157	4190
875+452	2380
623+032	6550
016+160	1760
880+184	9650
953+398	2521
003+505	5080
495+612	0180
589+428	9081
848+534	3821
512+426	9380
853+150	9040
915+187	0031
410+303	7130
145+235	3701
246+562	7090
969+847	7171
077+581	5590
921+005	9260
154+079	1241
078+142	1111
655+495	0511
517+437	9441
177+699	7671
811+124	9350
279+998	1781
539+433	9621
659+415	0741
350+413	7630
931+435	3760
281+561	7430
084+290	2750
175+213	3880
233+921	1640
111+664	7750
255+684	8301
656+214	8601
832+121	9530
710+442	1620
556+959	4161
391+352	6440
757+590	2580
384+017	3911
652+812	4740
568+432	9901
527+844	3711
805+112	9170
235+483	6190
582+751	2440
607+813	4201
917+694	5121
435+323	7580
666+155	7121
224+268	4821
617+521	1480
219+957	1761
391+670	9620
180+243	3240
440+652	0030
833+763	5070
166+203	3690
678+777	3561
084+790	7750
427+440	8670
484+835	2201
130+272	3030
109+683	7821
832+039	8611
863+722	5950
680+971	5620
908+598	4071
459+738	1971
367+009	3661
128+880	9090
037+311	3480
663+161	7250
756+047	7931
952+246	1090
864+875	6401
581+060	5420
841+495	2470
898+851	6501
874+494	2790
828+638	4661
079+060	0301
082+388	3611
282+872	0650
890+879	6701
446+273	6101
634+223	8570
867+157	9151
115+934	0590
355+379	6251
548+333	8711
470+442	8130
300+778	0880
961+621	5920
777+032	7001
086+258	2351
593+052	5460
786+794	4811
770+750	4310
460+260	6210
541+674	1260
124+214	3380
565+921	4960
623+587	1111
667+286	8441
154+155	2001
831+380	1220
091+499	4811
378+068	3371
379+051	3211
620+708	3380
934+802	7460
700+463	1730
200+636	8360
148+911	0690
704+674	3880
319+939	2581
748+417	1651
569+753	2231
823+408	2311
752+920	6820
070+413	4830
058+019	0671
350+550	8010
616+062	6780
515+762	2870
754+840	5050
521+005	5260
026+243	2690
248+508	7461
898+598	3971
253+539	7821
202+309	5011
662+376	9390
306+040	3460
816+571	3970
483+202	6850
264+530	7940
342+079	3121
588+135	6141
862+629	4911
278+162	3311
331+828	1690
014+951	9650
394+526	8111
661+990	5620
860+892	6630
367+029	3861
193+980	0840
276+544	7111
355+776	0321
817+044	8511
592+614	1170
544+160	6050
206+868	0741
526+906	4321
354+225	5790
469+494	8541
376+325	6911
920+860	7900
548+997	4461
184+068	1431
194+234	3290
959+689	5491
896+781	5880
398+352	6411
182+814	9960
187+260	3480
914+442	3660
145+145	2801
953+060	9140
164+362	4270
825+257	0821
901+501	4120
079+211	2801
189+220	3001
673+546	1201
157+438	5851
195+764	8501
191+096	1880
708+505	2131
673+809	4821
478+387	7561
991+587	4890
563+950	4240
397+819	1171
235+449	6741
849+570	3201
692+758	3511
636+327	9531
996+674	5711
653+708	3611
252+773	9260
441+599	9311
301+934	2450
218+378	5861
882+947	7301
380+786	0770
549+688	1381
174+140	2150
116+687	7931
539+201	7301
045+531	5760
970+532	4130
171+184	2560
185+712	8970
566+668	1351
191+925	0270
994+857	7521
968+872	7411
601+380	9810
644+755	3001
486+973	3601
773+574	2580
428+154	5721
773+913	6960
239+180	3101
546+377	8141
290+965	1660
476+963	3401
252+394	5470
815+981	7070
130+420	5500
730+363	0040
999+635	5351
392+378	6611
237+570	7080
911+642	5630
517+596	0141
698+301	9990
997+274	1721
347+119	4561
953+778	6321
742+586	2390
717+326	0431
677+898	4761
073+596	5601
531+009	5301
373+644	9180
275+385	5511
040+687	6280
930+009	9390
748+778	4271
195+841	9370
959+873	7331
996+274	1711
490+875	2760
486+949	3361
176+903	0890
390+151	4420
685+366	9421
154+175	2201
723+277	9901
897+926	7241
516+961	4870
221+222	4430
418+158	5661
971+640	5220
190+776	8670
917+329	2461
499+673	0731
857+211	0780
852+518	3701
709+668	3771
630+521	1610
542+055	5970
790+543	2440
694+805	4001
172+897	9601
950+661	5220
199+771	8611
988+729	6181
833+392	1360
215+834	0590
847+227	0741
081+481	4630
103+831	9340
985+237	1231
536+875	3121
636+892	4390
434+434	8680
362+709	0711
044+897	8321
042+201	2430
827+680	4180
429+590	9101
638+726	3641
502+126	6280
402+188	5801
730+006	7360
409+756	1651
869+756	5261
673+525	1090
593+093	5870
336+001	3370
521+510	0410
233+566	7990
075+283	2590
125+304	4290
078+696	6651
893+290	0940
626+674	2011
711+962	6830
140+277	3180
732+822	5640
104+930	0440
623+882	4160
353+364	6180
913+213	1360
355+034	3890
108+133	2311
677+837	4151
293+534	7280
045+131	1760
563+119	6721
377+934	2121
855+223	0880
140+750	8900
292+363	5560
006+647	6431
130+873	9040
283+580	7640
102+530	6320
069+593	5531
335+585	8111
572+199	6621
670+047	6180
982+425	3180
827+634	4611
572+476	9490
521+186	6080
455+903	3680
576+238	7051
287+868	0561
511+728	2490
366+863	1301
221+448	6690
375+272	5480
740+404	1540
264+517	7711
660+711	3810
632+617	2590
934+302	2460
793+463	1670
058+619	6671
369+770	0401
372+453	7260
654+975	5301
193+954	0580
474+798	1731
856+181	9380
113+322	4350
166+756	8131
384+936	2211
147+369	4071
046+109	1451
018+139	1471
217+720	9370
343+787	0311
963+633	5070
760+266	9270
807+834	6411
591+352	8440
378+425	7931
250+750	9010
428+307	7251
091+089	0711
272+388	5511
981+934	8260
274+282	4570
891+317	1190
748+013	7511
272+137	3001
046+730	7760
516+051	5670
444+316	7501
670+319	9890
128+780	8090
103+413	5160
041+082	0240
725+302	0370
626+461	0970
988+536	4251
535+856	3911
200+768	9680
587+761	2590
095+375	3611
524+763	2970
944+483	3380
156+492	5490
311+467	7780
141+383	4250
857+030	8870
752+038	7801
713+693	3170
910+941	8610
084+857	8321
595+785	2811
147+779	8171
749+741	4901
285+284	4601
291+733	9250
442+847	2990
092+256	2490
294+572	7670
813+795	5190
292+531	7240
652+636	2980
128+685	7041
313+022	3350
851+470	2320
965+614	5890
069+499	4591
868+286	0551
143+763	8070
395+805	1011
996+608	5051
629+230	8590
436+035	4611
042+811	8530
787+942	6301
589+514	0041
247+155	3921
129+844	9631
853+615	4780
510+401	9110
368+889	1581
202+077	2790
101+221	3220
795+799	4951
018+905	9131
506+244	7401
727+651	3880
930+387	2280
781+744	4360
334+214	5480
703+228	9211
373+579	8431
952+869	7221
014+072	0860
281+532	7140
963+542	4160
926+012	9380
143+613	7560
631+438	0790
897+849	6471
922+037	9590
543+464	9080
023+094	0180
877+396	1741
210+180	3900
670+482	0630
242+392	5350
660+730	3010
337+132	4690
676+857	4341
909+195	0051
586+503	0990
805+954	7690
513+521	0440
092+642	6350
253+105	3580
753+933	6960
915+966	8811
690+897	4980
800+147	9470
168+733	8911
293+700	9930
384+988	2731
627+991	5290
469+093	4531
385+792	0880
919+831	7501
820+385	1160
682+698	2811
684+758	3431
122+020	1420
136+763	8990
184+247	3221
551+587	0490
226+800	0360
720+094	7150
626+161	7870
376+368	6351
271+844	0260
879+122	9911
586+712	2090
340+226	5660
667+929	5961
025+094	0101
874+860	6450
435+948	3831
685+030	6160
214+883	0080
386+646	9231
744+578	2231
818+487	2061
702+683	3950
438+129	5571
799+278	9681
575+921	4070
395+671	9670
436+167	5931
183+215	3980
455+017	4621
545+222	7670
666+116	7721
439+511	9401
120+742	8620
451+190	5420
887+292	0801
106+635	7311
492+923	3260
605+452	0670
051+762	7140
090+800	8900
958+851	7101
391+543	8350
767+337	0051
664+779	3441
246+972	1290
801+500	3110
892+840	6430
175+794	8601
950+504	4640
920+691	5220
413+133	5460
738+238	9661
859+336	1951
384+038	3131
699+170	7601
955+837	7921
890+185	9760
501+262	7630
860+734	5050
236+495	6221
238+288	4171
134+302	4360
238+894	0331
155+548	6931
149+752	8911
278+028	2961
161+613	7740
665+868	4341
814+752	5760
519+423	9321
772+172	8450
658+668	2271
652+085	6380
079+108	1771
706+079	7751
271+970	1520
965+405	3701
764+472	1470
195+974	0701
047+341	3880
760+509	2790
806+446	2521
424+027	4411
032+686	6190
067+356	3141
405+425	8201
345+450	7950
464+845	2101
822+069	8811
734+329	0631
662+754	3270
284+642	8270
878+581	3601
810+759	5790
571+645	1270
452+646	0090
795+126	8121
378+386	6551
104+664	7680
575+787	2631
236+441	6770
376+428	7941
633+465	0090
731+057	7880
982+678	5611
935+136	0711
724+631	3650
260+053	2140
569+636	1061
425+619	0441
021+974	9950
575+973	4590
206+458	6541
879+377	1571
183+483	5670
770+567	2480
384+801	1950
464+625	0990
725+619	3441
809+374	1831
428+604	0321
389+221	5011
142+726	8680
658+109	7571
051+341	3920
680+976	5670
270+898	0790
586+488	9651
477+566	9341
310+343	6530
895+657	4531
537+259	7861
456+465	8121
203+209	4021
009+818	8171
352+437	7890
307+120	4270
020+141	1610
491+952	3540
196+073	1601
441+317	7580
513+475	9880
321+053	3740
892+325	1280
439+910	3590
168+807	9651
352+640	9920
911+933	8540
021+455	4760
276+749	9161
709+688	3971
238+302	5301
326+350	6760
614+751	3750
028+807	8251
120+427	5470
569+876	3461
316+429	7351
924+775	6001
802+925	7370
376+465	7321
441+032	4730
188+120	2090
822+733	5650
857+655	4131
848+058	8961
941+748	6990
552+348	8901
572+424	9960
126+310	4360
705+702	4170
653+799	3531
121+741	8620
059+973	9231
316+262	5780
932+507	4490
221+157	3780
322+872	1050
717+893	5111
004+195	1990
097+688	6761
378+010	3880
859+933	7921
043+185	1290
213+685	8980
720+731	4610
343+064	3080
207+274	4711
415+316	7211
588+720	2190
611+683	2050
344+718	0621
667+084	6421
398+380	6790
341+132	4730
625+095	6111
423+663	0960
383+086	3601
339+823	1621
105+032	1370
159+879	9291
799+326	0261
058+456	4051
842+394	1470
049+472	4121
531+335	8660
848+144	9821
050+788	7390
464+106	5601
403+201	6040
127+115	2321
234+922	1660
483+487	8611
990+185	0860
833+545	3880
258+312	5601
182+657	7301
833+785	5290
257+414	6611
145+906	0511
130+953	0930
753+507	2601
565+668	1341
089+523	5031
311+632	9430
589+913	4031
589+020	5001
772+891	5740
346+848	1941
489+968	3581
854+815	6790
503+795	2090
267+821	0980
596+293	7801
331+390	6220
870+939	7101
959+195	0551
593+537	0311
138+378	4071
482+913	3060
635+122	7570
705+144	8490
537+549	0861
636+276	8031
827+513	3401
348+662	9011
428+099	4181
582+984	4770
926+261	1970
858+234	0921
396+953	2501
628+428	0561
877+746	5241
897+294	0921
325+127	4421
495+869	2651
000+530	5300
589+299	7791
916+937	8531
365+502	8670
354+514	8680
989+332	2221
234+813	0570
845+611	4660
927+359	2861
610+785	3060
023+474	4970
573+322	8950
054+431	4850
296+271	4680
432+533	9650
553+282	7360
347+402	7490
734+669	3041
210+670	8800
598+908	4071
924+245	1790
615+246	8511
299+564	7541
257+615	8621
194+549	6341
235+376	5021
306+734	0401
088+540	5290
510+457	9670
177+050	1280
019+561	5701
926+678	5051
245+364	5001
374+792	0770
321+472	7930
521+867	3980
444+841	2950
832+770	5130
057+249	2961
338+975	2141
361+422	7830
761+070	7320
479+830	2101
433+323	7560
943+533	4860
942+816	7680
368+455	7141
812+915	7370
675+365	9311
783+839	5231
619+629	2481
855+201	0660
214+674	8880
373+780	0640
141+467	5090
680+026	6070
268+078	2371
906+614	5201
716+699	3161
936+119	0551
419+526	9351
490+063	4540
860+329	1990
909+034	9331
573+891	3750
918+252	1701
409+428	8271
244+696	8311
870+779	5501
439+535	9641
622+772	3050
899+676	4761
063+377	3311
505+194	6990
844+909	7531
306+159	4551
895+404	2001
548+081	5201
062+883	8460
026+771	7970
148+522	6601
829+695	4251
330+603	9330
201+279	4701
870+424	2050
886+764	5511
710+304	0240
669+372	9321
897+066	8541
878+499	2781
574+427	9911
391+068	3501
562+570	0430
058+948	9961
188+160	2490
038+933	9611
800+156	9560
230+357	5870
093+573	5670
735+316	0511
014+039	0431
836+691	4380
862+449	2121
417+008	4151
886+006	8821
266+370	5370
727+891	5290
060+890	8510
832+430	2720
584+709	2931
560+443	9040
103+571	6740
978+844	7231
480+464	8450
789+858	5481
959+990	8501
723+017	7301
459+124	5731
119+895	9051
196+012	1090
980+831	7220
551+149	6901
288+732	9111
575+915	4901
043+910	9530
513+287	7901
102+244	3460
194+927	0221
344+082	3270
461+291	6530
655+759	3151
841+974	7260
804+627	4311
103+710	8130
235+972	1180
222+261	4830
982+270	1630
752+360	0230
669+481	0511
423+947	3701
319+578	8871
314+602	9160
423+271	6940
730+356	0960
737+473	1111
584+075	5501
075+028	0931
942+886	7390
993+595	4990
319+693	9031
336+709	0451
215+682	8970
541+782	2340
237+844	0811
650+754	3150
333+618	9411
567+252	7101
206+788	9841
155+296	3421
222+448	6601
802+494	2070
639+788	3281
798+577	2761
462+916	3880
536+340	8760
179+763	8331
715+803	5280
575+453	9290
396+357	6441
960+963	8340
049+977	9171
961+691	5630
696+708	3051
191+327	4190
558+488	9371
441+626	0770
816+073	8890
630+838	4780
694+630	2350
339+315	6441
546+886	3331
394+352	6470
670+538	1190
699+014	6041
714+569	2831
547+912	4690
237+120	3570
461+903	3740
680+767	3580
270+512	7820
016+986	9921
471+273	6450
930+075	9060
902+824	7360
332+005	3370
316+919	2351
682+578	1611
484+784	1790
940+011	9510
524+434	9580
968+524	4921
547+409	9461
272+666	8390
235+171	3070
025+768	7831
333+982	2260
151+153	2050
413+953	3760
296+268	4551
574+788	2631
115+118	2231
993+491	3950
590+343	8340
823+644	4770
886+634	4211
305+732	0470
224+454	6780
137+582	6101
208+948	1561
361+201	5620
095+591	5870
420+797	1280
081+820	8020
147+101	2480
725+252	9770
307+994	2021
193+143	2370
955+482	3480
228+043	2611
206+655	8511
232+012	2440
058+536	5841
361+001	3620
150+304	4540
131+185	2170
465+285	6411
259+429	6781
209+042	2411
360+493	7540
231+211	4420
836+927	7631
369+886	1561
474+250	6250
672+319	9811
694+961	5660
154+376	4211
946+660	5170
283+955	1490
752+828	5801
142+660	7030
548+457	9951
674+528	1031
336+333	6690
674+165	7301
196+951	0580
093+043	0370
204+781	9850
067+455	4131
595+215	7011
223+524	7470
939+412	3511
703+639	3421
278+133	3021
301+464	7650
993+282	1860
233+767	9901
052+251	2040
976+428	3051
202+289	4811
950+477	3380
239+498	6281
840+034	8740
025+795	7111
128+030	1580
773+960	6440
907+356	2631
418+810	2380
080+879	8501
162+548	6011
366+427	7831
932+883	7260
821+686	4180
136+164	2901
396+455	7421
701+738	4490
985+188	0741
700+229	9290
576+744	2211
008+595	5931
409+501	9001
563+881	3550
560+916	4860
655+408	0631
188+213	3911
768+205	9631
710+848	5680
536+156	6821
818+460	2880
168+589	6481
505+362	8670
266+566	7231
142+941	0930
766+620	3960
880+610	4010
877+389	1671
724+686	3111
435+802	2470
253+908	1611
726+533	2690
099+004	0931
632+395	9280
875+282	0680
920+446	3760
726+192	8190
333+844	1870
423+425	8480
242+733	9750
870+033	8040
332+755	0970
580+055	5360
431+941	3820
017+161	1780
476+905	3811
742+811	5630
978+514	4921
803+609	4121
855+382	1480
588+548	0371
235+576	7021
113+273	3860
216+988	1051
917+747	6641
841+664	4160
038+126	1541
774+500	2840
347+170	4180
354+311	6650
982+067	9401
268+910	1880
467+859	2271
472+962	3450
365+419	7741
990+030	9210
708+236	9341
870+007	8770
532+496	9290
120+866	9860
494+610	0150
973+462	3460
851+441	2030
038+170	1090
477+533	9011
363+424	7870
454+098	4431
025+887	8031
500+563	0730
722+225	9470
748+685	3341
250+012	2620
945+494	3401
059+246	2951
140+343	4830
032+862	8940
931+014	9450
050+327	3770
810+293	0140
252+522	7740
194+430	5250
622+485	0180
305+709	0141
816+800	6260
255+859	0151
676+466	0431
320+331	6510
819+018	8271
984+157	0421
425+453	8780
748+141	8890
396+352	6490
549+669	1191
855+380	1460
936+814	7501
541+779	2211
121+949	0701
250+434	6840
743+616	3690
346+064	3011
320+490	7110
948+280	1390
688+535	1241
756+008	7541
597+278	7661
035+233	2680
410+041	4510
551+112	6630
571+964	4460
929+363	2921
343+825	1780
337+778	0161
040+364	3050
630+500	1400
368+741	0101
691+430	0320
950+609	5690
973+918	8911
569+691	1611
869+011	8701
878+889	6681
242+683	8260
694+345	9301
900+775	6850
500+299	7990
850+733	5930
754+507	2611
411+108	5190
355+243	5980
949+836	7851
091+505	5960
604+218	8121
257+131	3880
690+210	8010
533+130	6630
300+507	8070
380+244	5250
433+780	1240
151+033	1840
723+632	3650
605+131	7360
359+942	2021
277+305	5721
204+725	9290
578+874	3531
364+936	2011
462+575	9380
993+516	4101
385+561	8470
752+624	3860
363+949	2131
378+169	4381
093+942	9360
311+608	9190
798+156	8451
114+670	7840
257+066	2141
790+397	0980
350+434	7840
835+220	0650
289+354	5341
809+752	5611
581+584	0760
372+372	6450
614+007	6111
874+456	2311
748+596	2451
757+128	8751
850+133	9830
193+357	4411
954+066	9111
491+418	8001
641+820	4710
336+039	3651
576+231	7080
027+506	5231
403+667	0701
411+599	9011
203+098	2911
597+740	2480
309+912	2211
005+030	0350
252+595	7480
054+443	4970
937+162	0001
065+616	6711
942+700	6520
068+288	2471
183+540	6240
295+362	5580
033+269	2921
647+728	3751
265+764	9201
601+013	6140
186+491	5780
838+217	0551
646+053	6990
773+135	8090
330+175	4060
505+455	9501
947+035	9721
834+364	1090
493+053	4470
900+059	9590
372+389	6521
743+703	4560
854+371	1360
927+931	8680
357+726	0831
818+031	8490
697+364	9521
848+360	1190
231+068	2990
708+341	0590
033+047	0701
500+111	6110
428+147	5651
099+280	2701
252+360	5130
550+995	4560
070+031	0020
209+474	6731
344+752	0070
757+572	2301
882+374	1670
187+365	4431
809+434	2431
190+950	0510
113+365	4780
472+738	1111
607+681	2980
212+502	7140
489+839	2291
093+575	5690
791+579	2711
429+415	8341
315+718	0331
930+165	0060
360+739	0001
396+100	4960
092+229	2121
499+475	8651
566+723	2990
111+035	1460
069+065	0251
909+174	0831
871+286	0680
648+988	5371
495+743	1490
917+465	3821
059+312	3611
608+670	2880
790+227	9180
969+480	3501
700+746	4560
930+645	5850
226+325	5411
700+804	5140
177+011	1880
046+752	7980
260+313	5730
645+395	9311
828+108	9261
956+967	8241
591+307	8980
736+122	8580
788+392	0811
816+106	9121
813+103	9160
336+989	2261
341+557	8980
292+205	4970
758+774	4331
963+777	6411
181+144	2260
775+294	9601
611+086	6970
227+659	8761
795+282	9780
466+657	0241
621+413	0440
915+089	9941
854+084	8390
206+128	3241
688+712	3011
109+475	5741
451+832	2930
119+989	0091
787+324	0121
012+753	7650
133+286	3101
526+740	2760
826+428	2541
231+036	2670
122+728	8401
197+380	4780
823+534	3670
987+856	7441
606+867	4731
536+775	2121
151+573	6250
557+728	2851
226+922	1580
713+455	1780
258+594	7431
912+913	8350
066+402	4680
737+167	8941
313+224	5370
880+936	7270
805+928	7331
202+968	1701
905+911	8260
603+032	6350
383+575	8590
086+131	1180
941+628	5790
631+742	3830
053+223	2760
835+714	5590
666+260	8270
076+942	9190
243+228	4611
908+412	3201
758+928	6861
612+390	9030
762+432	1050
132+787	8101
794+797	4921
647+612	2690
362+792	0650
158+220	3780
809+033	8321
773+963	6470
467+976	3441
687+850	4480
073+670	6440
136+439	5651
271+017	2880
451+610	0710
805+154	9590
186+042	1290
351+608	9590
685+527	1131
649+804	4531
701+327	0380
623+703	3360
331+874	1160
427+257	6741
905+364	2790
966+217	1831
990+652	5530
760+790	4610
641+580	1320
814+454	2780
137+871	9090
055+077	0231
999+535	4351
051+160	1120
870+018	8880
008+795	7931
545+772	2280
286+174	3511
024+332	3560
570+685	1660
371+063	3350
650+560	1210
695+611	2170
192+708	8901
131+954	0950
859+722	5811
519+416	9251
293+459	6431
591+142	6340
391+957	2590
666+118	7741
978+575	4541
660+270	8310
075+487	4531
469+238	6971
628+840	4780
636+997	5341
965+827	7921
665+092	6580
336+269	5951
652+089	6321
008+011	0190
409+602	0111
527+818	3451
591+828	3201
324+892	1270
305+418	7131
696+729	3261
642+653	2060
668+435	0041
461+774	1460
655+807	4621
637+469	0071
878+151	9201
749+077	7171
149+967	0171
798+455	1541
194+745	8301
493+274	6680
222+315	5370
240+547	7870
980+697	5880
039+285	2151
800+382	1920
276+649	8161
354+226	5701
072+995	9680
085+224	2001
102+288	3801
538+638	1761
344+045	3890
772+071	7440
922+514	4460
053+520	5730
019+531	5401
740+650	3010
415+694	0101
750+764	4250
311+852	1730
726+536	2621
684+501	1950
717+431	1580
020+773	7930
078+247	2161
740+934	6840
056+890	8470
338+298	5271
686+772	3690
769+117	8761
106+482	5880
933+602	5450
477+302	7790
887+015	8921
835+566	3021
849+808	6571
463+920	3930
050+321	3710
759+020	7790
753+878	5321
913+399	2131
192+751	8440
930+615	5550
177+972	0501
621+284	8060
126+266	3821
114+452	5660
600+981	5910
043+712	7550
205+441	6460
637+463	0011
242+777	9101
592+486	9790
967+583	4511
434+835	2790
263+716	9790
005+799	7941
628+105	7231
492+819	2121
670+663	2440
951+636	5970
754+634	3980
018+923	9311
408+387	7851
291+789	9711
364+615	9790
802+293	0060
795+800	5060
658+822	4801
781+267	9490
973+697	5711
020+632	6520
815+347	1621
303+549	8421
213+694	8080
766+128	8841
712+105	8170
450+627	0870
209+986	1951
654+927	5811
081+901	9820
880+665	4560
536+890	3370
165+262	3280
721+551	2820
098+870	8690
309+022	3211
511+182	6930
752+743	4060
347+599	8371
792+569	2621
145+622	7670
714+022	7360
241+508	7490
059+963	9131
157+620	7770
223+175	3980
381+853	1450
262+495	6580
110+239	3490
846+620	4760
406+621	0370
029+375	3941
120+461	5810
848+547	3951
197+403	5901
680+780	3710
663+991	5650
479+049	4191
716+561	2870
711+127	8380
111+549	6501
132+551	6830
379+848	1281
532+835	3770
237+649	8761
011+325	3360
421+334	7550
230+697	8280
865+851	6270
007+899	8961
953+907	8601
171+241	3130
185+913	0090
977+006	9731
980+516	4070
547+989	4371
726+424	1501
238+398	5271
760+723	4930
410+767	1870
744+242	9860
715+646	3611
354+119	4631
869+069	8291
164+073	1380
541+235	7760
544+202	7460
760+004	7640
630+328	9580
869+857	6271
630+544	1840
455+872	2380
355+875	1311
622+257	8790
721+496	1280
619+110	7290
171+202	3730
978+326	2051
661+740	3120
856+662	4290
828+028	8461
303+769	0721
233+247	4701
289+451	6311
663+936	5001
195+357	4431
725+956	6811
812+792	5150
841+010	8510
625+283	8090
442+140	5820
702+341	0530
441+018	4590
040+987	9280
940+394	2450
101+102	2030
744+641	3950
120+270	3900
481+029	4011
157+038	1851
714+332	0560
019+026	0351
912+512	4340
323+470	7930
855+230	0950
445+259	6941
876+857	6341
049+665	6051
929+836	7651
041+671	6130
284+731	9160
430+305	7350
961+229	1901
636+612	2580
172+428	5901
820+746	5760
193+025	1190
263+475	6390
062+848	8011
032+670	6030
493+866	2601
163+796	8501
934+077	9021
739+115	8441
857+918	7751
237+071	2090
432+860	2030
584+545	0301
846+539	3851
924+844	7780
057+373	3211
312+244	5560
908+920	8380
588+661	1501
131+025	1560
767+078	7361
696+160	7570
980+968	8590
681+198	7701
044+243	2870
116+451	5670
353+446	7990
252+505	7570
761+584	2560
310+427	7370
055+203	2580
852+347	1001
642+139	7711
823+564	3970
481+914	3060
253+260	4140
110+715	8250
659+493	0531
026+053	0790
214+190	3050
887+139	9171
666+444	0111
824+219	0431
206+088	2841
561+914	4850
769+205	9641
818+282	0011
976+635	5121
945+991	8470
364+250	5150
215+089	2941
743+797	4411
691+617	2190
024+547	5611
999+039	9291
162+141	2040
691+881	4830
412+504	9160
714+259	9631
756+593	2501
484+218	6921
795+528	2241
052+166	1190
053+255	2090
167+136	2931
107+974	0811
964+951	8260
291+869	0611
527+582	0101
914+786	6011
360+309	6690
534+405	9390
292+716	9090
026+722	7480
270+799	9601
490+189	5701
922+105	0370
127+484	5021
658+711	3790
515+307	8121
720+843	5730
423+621	0540
617+957	5741
420+474	8940
663+806	4790
163+325	4880
040+837	8770
462+970	3430
619+688	2081
909+828	7371
546+339	8751
884+237	0221
347+387	6251
287+592	7701
013+673	6860
067+833	8901
645+518	1631
701+487	1980
282+745	9280
238+629	8571
433+436	8690
417+058	4651
127+697	7151
248+991	1401
691+886	4880
950+002	9520
631+459	0901
457+510	9670
621+019	6301
259+145	3941
391+547	8390
859+286	0461
336+298	5251
652+014	6660
014+574	5880
104+336	4301
837+987	7251
890+772	5730
705+361	0760
435+348	7731
887+871	6690
313+570	8830
027+724	7411
730+226	9560
633+180	7140
607+413	0201
128+335	4531
764+910	6840
051+715	7660
744+710	4640
807+925	7321
339+546	8751
390+305	6950
477+463	8311
569+037	5961
985+712	6080
261+302	5630
852+473	2360
521+080	5020
715+792	4180
367+177	4351
249+326	5651
292+754	9470
132+047	1790
261+559	7111
967+172	0401
908+442	3501
497+517	9051
473+261	6350
464+807	2711
970+907	8870
419+414	8231
979+823	7031
337+841	1880
842+507	3590
769+851	5211
375+039	3051
857+357	1151
356+801	1670
712+485	1080
099+216	2061
770+495	1760
645+087	6231
314+918	2321
402+034	4360
795+160	8560
760+199	8501
054+194	1490
067+328	3851
019+969	9781
674+729	3041
090+486	4770
505+423	9280
385+128	4041
112+387	4990
521+501	0320
264+122	3860
630+222	8520
295+245	4311
376+544	8111
632+962	5050
391+643	9350
343+579	8131
141+759	8901
659+512	1711
314+231	5450
006+108	1041
858+898	6571
295+645	8311
378+090	3690
457+045	4921
222+840	0720
006+585	5811
054+078	0231
259+283	4331
540+543	0930
333+428	7511
394+626	9111
948+956	8051
822+761	5930
019+698	6081
844+146	9801
734+855	5990
075+096	0621
623+931	5640
496+938	3351
007+214	2111
111+363	4740
706+488	1941
604+493	0080
126+111	2370
651+988	5401
149+568	6081
640+571	1220
776+083	7501
036+175	1021
510+295	7060
363+866	1301
289+576	7561
462+927	3990
426+629	0551
226+006	2221
138+226	3541
937+145	0821
972+844	7270
171+883	9550
327+130	4570
811+663	4840
383+412	7950
856+646	4031
126+253	3790
987+804	7911
331+710	0510
897+534	3321
445+937	3821
120+175	2950
043+093	0370
972+115	0970
553+348	8911
990+213	1140
416+177	5831
464+396	7511
733+472	1160
206+036	2321
718+201	9190
415+441	8560
294+014	2090
629+606	2351
932+634	5760
193+403	5960
182+061	1440
504+526	0301
117+523	6301
383+473	7570
449+664	0141
631+054	6850
111+610	7210
902+749	6511
270+001	2710
882+098	8711
517+314	8211
710+785	4060
145+743	8880
960+517	4870
116+930	0560
570+596	0770
843+901	7540
949+939	8881
566+485	9421
462+522	9840
787+516	2041
049+585	5251
207+660	8670
390+045	3360
860+036	8960
076+581	5580
897+998	7961
111+355	4660
413+911	3340
144+392	4370
745+947	6921
114+212	3260
054+196	1411
147+772	8101
413+249	6521
629+349	9681
908+376	2841
132+457	5890
745+826	5711
901+182	0930
989+435	3251
475+809	2841
648+009	6471
125+461	5860
573+026	5990
106+701	8070
537+220	7570
246+487	6241
939+557	4961
384+537	8121
026+873	8990
350+777	0380
589+884	3741
965+404	3790
656+028	6741
141+074	1160
668+842	4111
909+772	6811
102+727	8290
947+031	9780
357+244	5911
725+314	0490
325+562	8870
250+681	8320
623+567	1901
925+907	8321
872+061	8340
391+216	5080
248+437	6751
074+215	2890
829+877	6071
933+255	1980
886+899	6861
655+225	8701
144+531	6750
413+433	8460
810+960	7800
962+190	0630
290+047	2380
871+523	3050
510+827	3470
963+275	1490
701+234	9350
392+711	0140
490+884	2850
109+032	1311
724+525	2590
519+571	0901
599+173	6631
377+686	9541
770+887	5680
887+288	0761
812+087	8990
357+477	7251
075+869	8351
104+654	7580
843+273	0270
261+798	9501
278+567	7361
211+076	2870
979+712	6911
960+479	3401
118+627	7351
487+253	6311
256+835	0911
380+282	5630
705+944	6590
763+167	8211
815+764	5890
783+110	8930
592+060	5530
478+590	9690
407+046	4431
845+081	8270
244+041	2850
050+016	0660
711+638	3590
383+864	1580
856+790	5570
678+313	9811
136+971	0180
837+740	5870
860+108	9680
915+856	7711
474+142	5170
096+811	8080
706+813	5290
984+340	2350
478+583	9521
545+059	5941
617+132	7490
879+875	6551
110+212	3220
121+361	4820
311+910	2310
355+713	0780
551+290	7420
429+095	4151
276+357	5241
490+781	1820
760+855	5260
510+270	7800
081+253	2350
099+671	6611
078+350	3290
426+479	8951
705+824	5390
743+816	5690
850+163	9140
120+960	0900
317+686	9931
744+344	0980
400+987	3970
764+754	4290
312+106	4180
769+142	8021
585+527	0131
799+761	4611
650+757	3180
019+465	4741
381+054	3360
101+903	0140
074+576	5411
282+755	9380
258+603	8511
675+164	7301
476+115	5811
783+584	2780
091+274	2660
014+288	2921
175+191	2670
166+111	2770
149+404	5431
190+342	4330
351+920	2810
513+026	5390
480+871	2620
167+994	0621
846+575	3221
974+012	9860
560+904	4740
044+580	5250
715+613	3380
576+972	4590
191+962	0640
381+449	7211
644+742	3960
902+209	1111
216+528	7341
238+462	6901
588+479	9581
250+780	9310
945+228	1731
588+897	3861
862+216	0880
763+544	2180
286+397	5741
114+910	0340
140+282	3230
160+011	1710
547+223	7601
242+761	9040
319+287	5961
171+582	6540
169+287	3471
703+710	4230
699+853	4531
704+761	4750
476+396	7631
640+113	7530
612+185	7970
235+173	3090
654+045	6990
833+475	2190
070+556	5270
031+053	0840
125+182	2080
554+047	5911
632+511	1530
691+144	7360
236+462	6980
870+745	5260
352+093	3460
594+835	3301
112+507	6190
890+535	3360
435+773	1190
877+926	7041
082+059	0321
354+418	7621
591+430	9220
823+371	1050
835+353	1980
762+665	3380
839+154	9831
893+717	5111
841+737	5880
534+910	4540
115+094	1001
500+080	5800
065+018	0731
170+561	6320
720+646	3760
773+766	4401
138+888	9171
243+038	2711
194+810	9050
316+837	1531
167+733	8901
645+575	1211
416+058	4641
124+768	8821
093+015	0090
666+770	3470
407+282	6890
701+057	7580
596+234	7211
043+197	1311
806+632	4480
606+396	9921
681+386	9680
875+571	3570
625+819	4441
816+133	9490
698+940	5490
532+412	9440
663+052	6160
838+644	4821
292+594	7870
305+573	8780
420+222	6420
912+987	8001
110+613	7230
465+410	8750
912+484	3070
223+891	0250
901+203	1140
446+048	4841
989+105	0941
364+484	7490
916+186	0031
555+202	7570
033+347	3701
109+865	9641
587+219	7961
435+971	3170
816+285	0021
881+197	9790
913+990	8140
366+426	7821
884+123	9080
715+376	0911
111+786	8970
857+024	8711
367+849	1171
199+221	3111
692+911	5140
588+123	6021
228+699	8181
658+122	7701
041+636	6770
123+638	7511
438+270	6090
490+593	9840
777+917	6941
443+938	3811
398+124	4131
378+354	6231
753+737	4901
273+832	0160
055+659	6051
674+077	6421
828+205	0331
233+901	1440
566+533	0001
797+437	1351
115+261	3760
354+816	1701
760+377	0480
396+186	4731
907+860	7770
993+313	2170
322+589	8021
089+778	7581
001+537	5380
204+768	9621
393+815	1190
640+831	4810
781+337	0290
549+589	0391
732+418	1501
453+773	1370
989+119	0091
937+089	9171
408+815	2231
618+191	7001
810+067	8770
597+201	7980
248+859	0081
467+651	0290
822+208	0301
996+671	5780
351+121	4720
463+651	0250
305+666	9611
686+988	5751
720+247	9670
671+528	1001
949+673	5231
526+456	9721
276+306	5721
831+576	3180
476+109	5751
101+628	7290
062+430	4920
020+348	3680
400+724	1340
972+868	7411
060+953	9140
170+946	0270
856+757	5141
500+030	5300
562+735	2080
821+837	6680
776+619	3951
829+434	2631
008+999	9971
726+876	5031
047+384	3221
172+957	0301
729+866	5951
351+606	9570
474+112	5860
386+011	3970
871+152	9240
472+553	9260
575+708	2831
061+273	2350
732+459	1911
679+398	9681
031+015	0460
550+507	0670
655+618	2731
322+891	1240
064+052	0170
097+450	4480
788+266	9451
190+973	0740
693+607	2011
217+015	2221
166+253	3101
482+384	7670
818+890	6190
583+642	1360
864+032	8960
854+427	2811
286+759	9361
123+282	3060
866+480	2570
557+845	3031
324+558	8721
787+934	6221
795+450	1560
270+363	5340
528+058	5761
691+719	3111
228+064	2821
089+241	2211
683+232	8160
423+523	9460
495+988	3841
396+200	5960
689+703	3921
123+823	9460
122+417	5390
959+354	2141
317+898	1161
402+211	6130
505+045	5401
632+599	1321
375+844	1201
325+810	1450
442+506	9480
994+328	2231
196+521	6180
775+550	2360
113+194	2080
966+239	1061
091+689	6711
231+223	4540
568+220	7880
084+471	4560
313+431	7440
273+496	6601
440+502	9420
100+081	1810
274+348	5131
249+844	0931
230+933	1730
678+393	9621
343+824	1770
455+798	1541
156+585	6321
085+107	1821
511+721	2420
367+058	3161
297+017	2051
775+624	3001
800+168	9680
765+573	2490
647+210	8570
825+876	6021
989+925	8151
037+100	1370
275+089	2551
365+669	9251
951+171	0330
167+638	7951
546+412	9580
476+411	8870
854+776	5311
168+249	3081
016+165	1711
233+771	9050
128+769	8871
466+034	4901
245+269	4051
814+657	4711
419+704	1231
382+619	9911
608+121	7290
776+643	3201
879+413	2921
149+146	2851
040+585	5260
820+177	9970
094+620	6150
898+073	8621
332+833	1750
684+166	7411
712+907	6290
336+577	8041
036+842	8780
856+879	6361
008+604	6021
641+390	9320
131+170	2020
997+356	2541
836+291	0380
180+843	9240
710+771	4910
078+113	1811
825+556	3811
407+925	3321
886+935	7221
678+025	6931
951+499	3511
701+209	9001
468+138	5961
531+608	1490
747+201	9480
177+697	7651
697+631	2390
188+055	1341
085+945	9211
325+497	7131
793+837	5311
113+434	5470
896+447	2441
108+314	4121
432+714	1560
765+095	7511
722+097	7101
591+373	8650
064+157	1121
346+502	8480
369+910	2890
311+492	7040
530+625	1650
813+998	7121
610+848	4680
499+295	6851
660+944	5150
729+016	7351
221+523	7440
031+752	7830
929+549	4781
278+271	4401
841+208	0590
928+606	5341
307+695	9921
513+337	8401
015+844	8590
285+161	3470
628+500	1380
772+069	7321
039+112	1411
600+308	9080
023+007	0201
104+414	5180
894+384	1890
825+506	3311
395+019	3051
996+261	1680
327+673	9901
767+942	6101
338+300	6380
851+492	2540
684+361	9460
270+787	9580
922+262	1940
472+784	1670
585+662	1580
300+150	4500
898+181	9701
398+663	9521
159+801	9501
105+582	6870
230+497	6280
762+308	0701
578+650	1390
445+745	1901
385+443	7290
043+573	5170
292+412	6050
084+819	8931
717+187	8941
663+665	2390
005+504	5090
921+717	6480
281+135	3170
315+233	5480
897+268	0661
733+007	7301
339+996	2361
391+318	6001
426+930	3660
032+942	9740
617+978	5951
774+816	5901
643+955	5090
351+633	9840
799+887	5871
455+825	2801
789+201	9801
791+827	5290
513+136	6490
925+521	4560
025+170	1950
427+618	0451
988+258	1471
924+124	0580
193+752	8460
750+432	1920
928+072	9901
652+913	5750
203+069	2621
315+461	7760
629+227	8461
920+524	4540
173+907	0801
909+355	2641
484+188	5631
670+931	5120
315+603	9180
225+195	3111
844+256	0011
751+014	7650
119+967	0861
691+921	5230
094+109	1931
801+649	4501
051+632	6830
569+570	0401
715+511	2360
005+245	2401
733+552	2950
546+686	1331
277+204	4711
456+711	1770
548+865	3141
190+654	7450
425+151	5760
056+273	2201
784+540	2350
683+126	7001
252+735	9870
185+877	9531
905+958	8631
438+391	7201
389+958	2481
047+543	5801
329+580	8001
174+717	8811
484+365	7401
853+739	5921
563+525	0980
453+235	6880
285+124	3001
302+751	0630
572+510	0920
663+456	0201
324+514	8380
189+827	9071
566+865	3321
001+833	8340
785+137	8131
106+394	4901
077+586	5541
624+921	5550
146+897	9341
809+652	4611
855+725	5801
841+715	5660
229+926	1551
102+220	3220
772+134	8070
308+318	6161
567+938	4061
694+917	5121
921+848	7790
827+245	0721
326+868	1941
637+300	9370
576+374	8411
351+350	6020
222+610	8320
876+208	0841
155+759	8051
331+782	0240
702+338	0401
631+369	9901
146+643	7890
047+767	7051
622+134	7560
160+410	5700
231+010	2410
729+004	7231
373+324	6970
894+971	7760
787+896	5841
346+870	1270
250+672	8230
194+583	6780
718+379	0971
728+785	4141
339+214	5431
731+957	6980
741+393	0450
839+683	4231
843+614	4670
099+067	0571
833+226	0690
340+238	5780
687+166	7441
825+774	5001
244+749	9831
486+504	9801
464+812	2860
557+704	2611
859+292	0521
430+688	0290
427+713	1401
927+234	1611
168+618	7761
228+122	3401
471+489	8511
715+217	9221
731+447	1880
361+738	0001
393+440	7340
610+275	8850
126+371	4970
870+224	0050
741+209	9401
448+541	9890
995+326	2221
353+179	4231
398+647	9361
672+775	3580
390+496	7870
573+188	6521
839+361	1011
199+679	7691
444+186	5211
711+991	6130
235+010	2450
180+711	8910
177+023	1901
791+339	0311
977+618	5951
512+073	5850
705+930	6450
654+375	9201
972+049	9121
729+235	9541
294+838	0331
657+495	0531
174+845	9101
600+265	8650
223+132	3550
937+517	4541
822+216	0480
138+679	7081
939+166	0061
288+280	4690
707+109	8061
169+068	1281
367+252	5101
352+642	9940
106+985	0911
125+078	1931
533+116	6490
209+313	5121
450+262	6130
124+019	1331
934+249	1831
174+603	7770
386+389	6661
980+551	4420
459+112	5611
108+305	4031
381+935	2270
498+718	1171
263+785	9490
334+502	8360
080+422	4030
546+310	8560
899+197	9871
203+285	4880
472+220	6920
100+625	7250
786+539	2261
673+554	1380
245+479	6151
870+626	4070
704+434	1480
078+076	0451
976+858	7351
887+000	8870
216+927	1431
531+141	6720
216+566	7721
922+052	9740
459+010	4690
521+541	0720
269+176	3361
092+284	2770
220+059	2790
253+715	9680
264+971	1460
800+286	0960
020+079	0990
288+496	6751
823+415	2480
100+796	8960
905+086	9811
024+456	4701
188+882	9611
629+073	6921
330+613	9430
872+877	6501
585+883	3790
486+165	5421
655+450	0160
445+548	9831
103+003	1060
663+237	8901
350+542	8920
034+681	6160
328+560	8880
490+226	6170
331+766	0080
832+357	1990
136+362	4980
168+186	2451
974+196	0711
859+578	3381
610+113	7230
226+174	3901
191+882	9740
972+107	0890
648+056	6941
324+713	0470
867+478	2461
539+310	8490
661+097	6590
427+382	7001
568+623	1911
683+975	5690
330+385	6160
270+100	3700
110+476	5860
186+384	4611
244+618	8521
746+546	2921
656+552	1190
365+080	3460
415+018	4231
942+032	9740
085+934	9101
757+824	5811
105+268	3631
441+689	0311
183+214	3970
771+317	0980
161+804	9650
573+736	2101
297+920	1280
743+739	4821
392+361	6540
604+405	0190
661+658	2201
290+096	2870
174+313	4870
395+398	6841
083+576	5501
744+101	8450
052+143	1950
445+677	0231
838+054	8821
285+123	3090
000+239	2390
406+994	3011
335+981	2270
766+443	1101
761+039	7901
515+460	9750
526+955	4811
681+684	2760
947+197	0451
695+362	9580
064+488	4431
492+342	7350
833+472	2160
638+976	5151
604+333	9370
142+278	3111
420+466	8860
963+866	7301
960+665	5360
609+566	1751
194+150	2450
944+090	9350
524+513	0470
896+178	9651
149+916	0651
538+274	7031
731+593	2350
776+084	7511
789+168	8481
368+917	2851
623+190	7140
412+726	1480
172+274	3470
218+125	3331
512+174	6860
439+088	4181
029+951	9701
866+045	8021
444+951	3060
430+469	8990
749+586	2361
719+171	8801
322+051	3730
779+526	2061
334+556	8801
248+609	8471
177+356	4241
541+093	5350
783+730	4240
426+097	4141
561+845	3170
320+393	6140
646+355	9911
938+662	5011
924+338	2621
577+182	6501
414+426	8301
167+464	5221
284+210	4940
650+580	1410
905+762	6770
101+800	9010
765+740	4160
518+881	3001
969+238	1081
286+473	6501
236+603	8390
097+091	0890
218+614	8221
949+461	3111
471+577	9490
771+076	7480
220+864	0940
440+378	7190
290+680	8710
551+312	8630
813+201	0240
234+681	8160
125+977	0031
273+826	0001
432+491	8240
277+777	9451
452+048	4901
656+012	6680
238+148	3761
400+974	3840
783+355	0490
097+537	5251
272+890	0730
890+609	4001
765+313	0880
920+758	6880
912+747	6690
197+955	0531
401+549	9401
230+464	6940
638+002	6301
994+968	8631
493+422	8160
580+187	6680
342+175	4180
182+362	4450
482+680	0730
087+738	7161
422+366	7880
570+091	5620
265+042	2080
588+427	9061
459+074	4241
656+894	4511
102+829	9211
089+382	3621
965+470	3460
543+328	8611
617+888	4061
704+293	9970
234+508	7321
402+019	4111
383+668	9421
561+953	4250
157+282	3301
887+214	0021
337+483	7111
857+924	7811
348+097	3361
982+469	3521
498+809	2081
895+105	9901
374+241	5160
753+115	8680
467+071	4390
403+941	3540
964+546	4111
979+353	2331
185+356	4321
064+502	5660
804+300	1140
641+146	7870
170+450	5210
458+667	0261
246+053	2990
608+512	1201
583+210	7930
064+187	1421
567+918	4851
278+815	0931
403+871	2840
049+823	8621
698+537	1361
288+422	6011
849+426	2751
930+418	3580
802+779	5811
736+944	6801
519+565	0841
085+835	8111
578+333	8021
197+187	2751
639+326	9551
919+242	1611
380+898	1890
689+225	8051
561+045	5070
308+118	4161
803+122	9250
510+069	5790
148+878	9171
340+794	0450
412+258	6601
937+844	7811
559+777	2371
633+757	3901
782+604	3960
568+902	4701
718+634	3521
383+762	0560
406+804	2101
084+827	8021
469+815	2841
792+838	5311
784+615	3001
533+568	0021
391+944	2460
052+015	0670
407+267	6641
975+486	3621
270+602	8720
396+192	4890
822+958	7801
874+808	6821
954+344	2090
301+865	1760
470+022	4920
910+178	0980
639+895	4351
525+489	9051
577+548	0261
502+159	6511
608+888	4961
475+158	5241
331+827	1680
315+082	3970
538+857	3951
311+551	8620
096+652	6490
447+365	7031
588+544	0331
903+358	2611
319+077	3861
351+826	1870
728+721	4590
350+445	7950
924+636	5601
641+985	5370
966+192	0690
546+561	0180
238+968	1071
198+264	3531
295+568	7541
223+738	9511
675+625	2011
226+242	4680
922+281	1140
060+209	2690
254+482	6370
220+786	9070
696+921	5280
119+093	1031
506+700	2160
619+107	7161
694+081	6760
263+352	5160
836+240	0860
762+359	0221
076+522	5980
010+682	6920
557+787	2451
608+889	4971
421+370	7910
540+889	3301
109+830	9390
996+276	1731
742+761	4140
882+804	6960
697+174	7621
418+598	9071
712+131	8430
509+976	4851
064+677	6321
712+607	3290
296+876	0731
465+310	7750
565+990	4660
345+066	3021
227+811	0480
997+650	5580
819+986	7061
235+157	3821
289+077	2571
635+119	7441
195+477	5631
067+371	3390
599+367	8571
212+906	1280
935+069	9941
910+585	4060
665+210	8750
228+634	8521
541+301	8420
320+081	3020
608+290	8980
636+603	2490
933+247	1801
954+220	1840
142+198	2311
995+811	7170
829+499	2291
780+410	1010
743+216	9590
153+555	6090
550+118	6680
394+068	3531
722+758	4801
880+443	2340
024+315	3390
588+805	3931
763+636	3001
145+449	5841
641+003	6440
263+358	5121
372+341	6140
683+604	2970
973+803	7860
559+087	5371
008+806	8041
809+944	7531
702+726	4380
314+817	1311
022+652	6740
687+122	7001
543+461	9050
214+125	3390
105+861	9660
642+625	2770
720+349	0790
307+287	5841
011+449	4501
614+180	7940
860+593	3640
420+196	5170
757+239	9861
098+093	0821
270+572	7430
358+092	3411
350+504	8540
822+451	2830
665+929	5941
652+566	1290
148+551	6990
122+034	1560
971+827	7090
590+654	1550
279+386	5561
795+593	2990
300+902	2120
284+311	5950
529+140	6690
356+806	1621
549+573	0231
284+397	5721
153+851	9050
773+045	7190
373+461	7350
978+127	0061
518+767	2851
985+661	5570
230+088	2190
817+832	6590
782+331	0240
545+153	6980
270+947	1280
836+315	1511
047+999	9371
736+548	2841
855+967	7231
205+713	9180
380+012	3920
028+206	2241
134+679	7041
299+845	0451
701+117	8180
690+413	0140
887+035	8131
933+415	3580
616+454	0701
772+255	9280
328+287	5061
632+565	1080
552+114	6660
543+493	9370
090+452	4430
630+631	2710
380+417	7970
316+865	1811
804+765	5790
592+861	3640
607+955	5621
799+521	2211
793+256	9401
176+788	8551
294+060	2550
737+226	9531
228+804	0321
823+302	1350
078+926	9941
596+955	4521
829+741	5701
428+078	4961
724+012	7360
984+432	3270
058+096	0451
639+987	5271
191+115	2070
591+996	4980
290+768	9590
289+903	1921
311+317	6280
857+782	5401
786+558	2451
150+960	0210
290+259	4401
533+955	4980
015+550	5650
160+294	3550
678+347	9161
672+013	6850
530+934	4740
963+475	3490
124+016	1301
794+997	6921
900+914	8240
315+883	1090
425+567	9821
948+096	9351
610+760	3800
572+089	5521
445+291	6370
359+118	4671
448+355	7931
112+070	1820
996+018	9051
519+047	5561
347+201	5480
927+207	1341
440+701	1510
652+838	4901
338+692	9211
690+406	0070
166+800	9660
508+521	0390
477+965	3431
659+945	5051
498+590	9890
122+279	3911
334+627	9511
982+517	4001
393+291	5850
980+350	2410
947+696	5441
177+722	8990
976+703	6890
645+874	4201
620+414	0440
829+103	9221
289+841	0311
900+969	8790
527+499	9171
735+948	6831
517+170	6870
161+643	7050
621+546	1770
931+563	4050
538+557	0951
068+617	6751
024+918	9321
012+169	1711
511+189	6901
631+903	5440
785+231	9170
335+821	1660
678+936	5151
318+737	0551
626+634	2601
358+295	5441
861+623	4940
205+147	3421
143+850	9930
360+551	8120
955+336	2911
741+341	0920
265+131	3960
403+144	5470
839+964	7041
012+716	7280
298+407	6951
497+140	5380
003+447	4401
945+247	1921
761+818	5890
038+226	2541
971+988	8601
803+973	7860
414+873	2970
730+208	9380
767+659	3271
545+292	7380
821+024	8450
330+017	3470
930+071	9020
690+732	3330
