split	sentence	label
train	i disliked the cast	0
train	the music is very charming	1
train	i disliked the cast	0
train	this movie is not clumsy	1
train	the ending was messy and flat	0
train	i enjoyed the script	1
train	i hated the pacing	0
train	i loved the dialogue	1
train	the pacing is not brilliant	0
train	the ending is lifeless but the plot is truly clever	1
train	i hated the acting	0
train	i loved the plot	1
train	i hated the music	0
train	i loved the acting	1
train	the dialogue was dull and predictable	0
train	the script is clumsy but the acting is so delightful	1
train	i resented the story	0
train	the script is flat but the plot is very warm	1
train	the script is not gripping	0
train	the ending is predictable but the script is truly great	1
train	i resented the script	0
train	the cast is messy but the cast is so clever	1
train	the music is not moving	0
train	this movie was delightful and clever	1
train	the story is quite weak	0
train	i loved the pacing	1
train	i hated the director's work	0
train	the music is not lifeless	1
train	i regretted the cast	0
train	i enjoyed the pacing	1
train	the music was shallow and flat	0
train	the dialogue was warm and great	1
train	the acting is beautiful but the acting is very shallow	0
train	i enjoyed the cast	1
train	the film is good but the cast is really awful	0
train	i admired the pacing	1
train	i hated the film	0
train	the plot is bad but the script is so gripping	1
train	i hated the pacing	0
train	this movie is not clumsy	1
train	the dialogue is not wonderful	0
train	the plot is not flat	1
train	the pacing is shallow	0
train	the cast is not predictable	1
train	this movie was lifeless and tedious	0
train	i adored the film	1
train	the music was weak and dull	0
train	the story is lifeless but the script is truly brilliant	1
train	i resented the script	0
train	the dialogue was wonderful and beautiful	1
train	the story is not wonderful	0
train	the dialogue is not clumsy	1
train	this movie was flat and clumsy	0
train	the film is not bad	1
train	i regretted the cast	0
train	i admired the cast	1
train	the music is moving but the pacing is truly bad	0
train	the cast is quite moving	1
train	the film was boring and bad	0
train	the dialogue is not weak	1
train	the script was tedious and shallow	0
train	the story is really charming	1
train	the plot is not clever	0
train	i loved the cast	1
train	the script is not clever	0
train	the story is quite wonderful	1
train	the script was dull and flat	0
train	the ending is so great	1
train	the pacing is very lifeless	0
train	this movie is so warm	1
train	the ending is clever but the ending is lifeless	0
train	the director's work is awful but the plot is funny	1
train	the music was flat and bad	0
train	the script is so gripping	1
train	the pacing is funny but the script is so tedious	0
train	the ending is clumsy but the music is really funny	1
train	the cast is gripping but the dialogue is truly flat	0
train	i adored the story	1
train	this movie was flat and weak	0
train	i enjoyed the film	1
train	i regretted the film	0
train	the director's work was great and brilliant	1
train	the script was predictable and bad	0
train	this movie is not clumsy	1
train	the music was predictable and awful	0
train	the director's work is not bad	1
train	the film is truly dull	0
train	the cast is not predictable	1
train	i resented the ending	0
train	the dialogue is quite beautiful	1
train	the music is not brilliant	0
train	i admired the dialogue	1
train	the film is clumsy	0
train	the plot was delightful and wonderful	1
train	the music is not wonderful	0
train	the cast is not tedious	1
train	the film is so messy	0
train	the director's work was gripping and charming	1
train	the ending is not beautiful	0
train	the script is not clumsy	1
train	the music is gripping but the dialogue is truly predictable	0
train	the story is clever	1
train	i resented the acting	0
train	i adored the script	1
train	i hated the music	0
train	the director's work is not messy	1
train	i hated the director's work	0
train	this movie is not flat	1
train	the plot is not charming	0
train	i loved this movie	1
train	the ending is quite boring	0
train	i enjoyed the ending	1
train	the plot is not gripping	0
train	the acting is dull but the film is truly good	1
train	i resented the acting	0
train	the film is flat but the acting is really beautiful	1
train	the film is delightful but the script is truly lifeless	0
train	the plot is so funny	1
train	the plot is not gripping	0
train	the ending is clumsy but the cast is great	1
train	i resented the cast	0
train	the acting is quite charming	1
train	the dialogue is funny but the cast is so clumsy	0
train	the script is really brilliant	1
train	the director's work is good but this movie is so boring	0
train	the acting was warm and beautiful	1
train	the story is clever but the plot is truly tedious	0
train	the dialogue is not boring	1
train	the plot is not good	0
train	the director's work was moving and delightful	1
train	the dialogue is so boring	0
train	the script is bad but the ending is very great	1
train	the cast is so awful	0
train	the plot is not predictable	1
train	the music is not charming	0
train	the pacing is boring but the script is charming	1
train	the acting was flat and boring	0
train	the story was moving and moving	1
train	the script is beautiful but the script is very tedious	0
train	the story is awful but the music is quite wonderful	1
train	the director's work is warm but the ending is really flat	0
train	i adored the dialogue	1
train	the director's work is not gripping	0
train	the film is not shallow	1
train	the script is moving but the cast is very boring	0
train	the acting was beautiful and good	1
train	the acting was predictable and lifeless	0
train	the story is so charming	1
train	the cast is clever but the cast is very weak	0
train	the plot was good and warm	1
train	i disliked the cast	0
train	the pacing is clumsy but the director's work is so warm	1
train	the pacing was boring and shallow	0
train	the script was brilliant and moving	1
train	the film is not warm	0
train	the story was clever and gripping	1
train	the story is quite weak	0
train	i adored the script	1
train	i hated the script	0
train	the story is clumsy but the director's work is very brilliant	1
train	the music is not gripping	0
train	the director's work is truly delightful	1
train	the director's work is not clever	0
train	i enjoyed the story	1
train	i hated the script	0
train	the cast is not shallow	1
train	the dialogue is not wonderful	0
train	i loved the dialogue	1
train	the music is clever but the script is weak	0
train	the dialogue was beautiful and beautiful	1
train	i hated the acting	0
train	the plot is not lifeless	1
train	the music is not moving	0
train	the script is not messy	1
train	the acting was dull and flat	0
train	the music is not clumsy	1
train	the story is so lifeless	0
train	the cast is truly good	1
train	the pacing is so weak	0
train	this movie is very good	1
train	the plot was dull and bad	0
train	the ending is really brilliant	1
train	the cast was clumsy and clumsy	0
train	the ending is not predictable	1
train	the story is not warm	0
train	this movie is boring but the director's work is so warm	1
train	the director's work is not funny	0
train	the ending is truly great	1
train	the pacing is warm but the cast is so boring	0
train	the music was beautiful and funny	1
train	the director's work is clumsy	0
train	the film is quite gripping	1
train	i resented the story	0
train	the pacing is not weak	1
train	the music was bad and lifeless	0
train	the dialogue is so warm	1
train	the script is warm but the acting is quite messy	0
train	the director's work was gripping and clever	1
train	the story is very tedious	0
train	i loved the script	1
train	the ending is so bad	0
train	i admired the cast	1
train	this movie is so messy	0
train	the acting was beautiful and wonderful	1
train	the cast is moving but the story is clumsy	0
train	i adored the ending	1
train	the director's work is quite messy	0
train	i adored the music	1
train	i resented the dialogue	0
train	the acting was delightful and good	1
train	the ending was predictable and clumsy	0
train	the director's work is messy but the dialogue is quite delightful	1
train	the cast is charming but the music is really awful	0
train	the script is not tedious	1
train	the pacing was tedious and dull	0
train	i enjoyed the plot	1
train	i regretted the film	0
train	the music is not clumsy	1
train	the acting is quite messy	0
train	this movie is boring but the film is very funny	1
train	the director's work is so clumsy	0
train	the cast is not predictable	1
train	the plot is great but the dialogue is so predictable	0
train	i enjoyed the script	1
train	the ending was bad and flat	0
train	the pacing is very gripping	1
train	i regretted the ending	0
train	the dialogue is truly funny	1
train	the film is very lifeless	0
train	i loved this movie	1
train	the ending is not brilliant	0
train	the plot was brilliant and clever	1
train	the director's work is flat	0
train	the ending is truly brilliant	1
train	i regretted the plot	0
train	the pacing is not messy	1
train	the pacing is great but the director's work is predictable	0
train	the pacing is not predictable	1
train	the director's work is moving but the music is messy	0
train	the story is really warm	1
train	the story is not clever	0
train	the cast was funny and brilliant	1
train	the film is not charming	0
train	i adored the pacing	1
train	the dialogue is not great	0
train	the cast is awful but the acting is warm	1
train	the story is really predictable	0
train	the cast is dull but the plot is so brilliant	1
train	the director's work was boring and boring	0
train	this movie is predictable but the cast is so moving	1
train	i regretted the director's work	0
train	the director's work is quite funny	1
train	the director's work is warm but the dialogue is predictable	0
train	this movie is bad but the pacing is very wonderful	1
train	the acting is clever but this movie is awful	0
train	the acting was gripping and delightful	1
train	the director's work was dull and awful	0
train	i loved the pacing	1
train	this movie is gripping but the script is tedious	0
train	i enjoyed the acting	1
train	the music is great but the script is really tedious	0
train	the pacing is shallow but this movie is really clever	1
train	the director's work is clever but the film is quite predictable	0
train	the pacing was beautiful and charming	1
train	the cast was dull and messy	0
train	the film is not flat	1
train	the film is not funny	0
train	the dialogue is not tedious	1
train	the director's work is not moving	0
train	the acting is not boring	1
train	this movie is truly awful	0
train	the acting is really wonderful	1
train	the pacing is delightful but the music is boring	0
train	the story is not flat	1
train	i disliked this movie	0
train	this movie was funny and moving	1
train	the pacing was weak and bad	0
train	i admired the acting	1
train	the dialogue is so awful	0
train	the acting is not boring	1
train	the script is really tedious	0
train	the dialogue is not clumsy	1
train	the film is not clever	0
train	i loved the plot	1
train	the pacing was predictable and bad	0
train	the story is not bad	1
train	the story is not great	0
train	i adored the ending	1
train	this movie is beautiful but the dialogue is truly flat	0
train	the music is not awful	1
train	i disliked the director's work	0
train	i adored the cast	1
train	the story is moving but the story is truly shallow	0
train	the film is tedious but the cast is warm	1
train	i regretted the script	0
train	the pacing is not tedious	1
train	the dialogue was shallow and messy	0
train	the acting was clever and wonderful	1
train	i disliked the film	0
train	the director's work is so brilliant	1
train	the music was dull and clumsy	0
train	the script is not shallow	1
train	i regretted the dialogue	0
train	this movie is not weak	1
train	the acting was messy and messy	0
train	the acting was warm and clever	1
train	the cast is flat	0
train	i admired the dialogue	1
train	the music is very flat	0
train	i loved the music	1
train	the pacing is predictable	0
train	the acting is so delightful	1
train	the music is quite clumsy	0
train	the director's work was warm and funny	1
train	this movie is not beautiful	0
train	this movie is so gripping	1
train	the ending is good but the ending is really flat	0
train	the acting was charming and beautiful	1
train	the script is very shallow	0
train	i loved the script	1
train	the pacing is not gripping	0
train	the acting is not messy	1
train	the cast is great but the script is truly bad	0
train	i admired the film	1
train	the music is not great	0
train	the ending is flat but the story is really wonderful	1
train	the film was shallow and clumsy	0
train	the cast is not shallow	1
train	this movie is not wonderful	0
train	the music is not flat	1
train	the pacing was messy and flat	0
train	the plot is awful but the music is really wonderful	1
train	the plot is quite awful	0
train	i adored the plot	1
train	the pacing was predictable and flat	0
train	the pacing is moving	1
train	the film is quite predictable	0
train	the plot is predictable but the cast is really good	1
train	the plot is not clever	0
train	the film is not tedious	1
train	the story was predictable and tedious	0
train	the cast is awful but this movie is truly great	1
train	the script is really dull	0
train	i loved the cast	1
train	the cast was awful and tedious	0
train	the story is tedious but the dialogue is so wonderful	1
train	the acting is so tedious	0
train	i admired the story	1
train	the film was shallow and boring	0
train	the dialogue is really good	1
train	i hated the director's work	0
train	the pacing is not bad	1
train	the cast is beautiful but the pacing is boring	0
train	this movie is not flat	1
train	the plot was clumsy and clumsy	0
train	the acting was funny and gripping	1
train	the acting is really lifeless	0
train	the pacing is really funny	1
train	the ending is not funny	0
train	the story is lifeless but the director's work is really moving	1
train	i hated the acting	0
train	i admired the acting	1
train	i regretted the cast	0
train	the story is not awful	1
train	the cast is good but the plot is lifeless	0
train	the ending was clever and clever	1
train	this movie is really weak	0
train	the dialogue is dull but the script is great	1
train	i regretted the director's work	0
train	the acting is beautiful	1
train	the script is not funny	0
train	the ending is not dull	1
train	the ending is shallow	0
train	i adored the ending	1
train	the film is not warm	0
train	the plot is quite brilliant	1
train	i regretted the script	0
train	i adored the acting	1
train	the script is gripping but the pacing is really awful	0
train	the acting is quite good	1
train	the plot was flat and shallow	0
train	the film is boring but the music is really moving	1
train	the director's work is not wonderful	0
train	the acting is bad but the plot is really great	1
train	i disliked the script	0
train	i enjoyed the director's work	1
train	the script is gripping but the acting is quite lifeless	0
train	the ending is flat but this movie is very charming	1
train	the cast is not great	0
train	the script is not messy	1
train	the story is delightful but the plot is quite clumsy	0
train	this movie is quite moving	1
train	the acting is very bad	0
train	the pacing was moving and delightful	1
train	the music is delightful but the dialogue is so weak	0
train	the plot was brilliant and charming	1
train	the dialogue is truly flat	0
train	the script was warm and brilliant	1
train	the cast is delightful but the plot is very boring	0
train	the dialogue was beautiful and moving	1
train	the dialogue is not wonderful	0
train	the ending was gripping and warm	1
train	the cast was shallow and predictable	0
train	the acting is truly great	1
train	the pacing is charming but the script is flat	0
train	the cast is messy but this movie is truly gripping	1
train	the director's work is not gripping	0
train	the dialogue is not shallow	1
train	i disliked the plot	0
train	the script was funny and wonderful	1
train	i resented the music	0
train	the story is so warm	1
train	the script is clever but the plot is very flat	0
train	i loved the dialogue	1
train	i disliked the dialogue	0
train	the dialogue was brilliant and warm	1
train	i regretted the music	0
train	the acting is weak but the script is truly funny	1
train	the story is very messy	0
train	i enjoyed the ending	1
train	the script is not charming	0
train	the ending is weak but the plot is truly delightful	1
train	the pacing was messy and dull	0
train	i adored this movie	1
train	the director's work was clumsy and clumsy	0
train	this movie is messy but the director's work is very moving	1
train	i regretted the plot	0
train	the acting was beautiful and funny	1
train	the music is really shallow	0
train	the cast was brilliant and brilliant	1
train	i regretted the story	0
train	the story is really wonderful	1
train	the acting is delightful but the script is really dull	0
train	the script is awful but the ending is really brilliant	1
train	the pacing is gripping but the cast is bad	0
train	the dialogue is truly warm	1
train	the ending was predictable and flat	0
train	the story is predictable but the film is warm	1
train	the story is not great	0
train	the plot was charming and clever	1
train	the pacing is not moving	0
train	the pacing is not lifeless	1
train	i hated the film	0
train	the pacing is really beautiful	1
train	the film is warm but the film is so weak	0
train	the ending was clever and wonderful	1
train	the ending is not brilliant	0
train	the acting is shallow but the script is very delightful	1
train	this movie is truly tedious	0
train	the ending is not boring	1
train	the film is not charming	0
train	the director's work is quite brilliant	1
train	i resented the script	0
train	the acting is not lifeless	1
train	the plot is brilliant but the dialogue is really clumsy	0
train	i loved this movie	1
train	i resented the music	0
train	the cast was delightful and funny	1
train	the plot is very boring	0
train	the script was great and good	1
train	the cast is moving but the film is truly shallow	0
train	i admired the pacing	1
train	the director's work is not warm	0
train	the director's work is truly charming	1
train	the pacing is so messy	0
train	i enjoyed the cast	1
train	the dialogue is so dull	0
train	the script is very clever	1
train	the cast is not beautiful	0
train	the plot is flat but the story is very gripping	1
train	i resented the acting	0
train	the plot is quite charming	1
train	the ending is charming but the story is very dull	0
train	the story is not predictable	1
train	the film was flat and clumsy	0
train	the ending is boring but the story is really warm	1
train	the dialogue is not brilliant	0
train	the story was moving and moving	1
train	the pacing is good but the film is really awful	0
train	the script is so charming	1
train	the dialogue is good but the cast is quite clumsy	0
train	the cast is truly moving	1
train	the director's work is very lifeless	0
train	the director's work is messy but the ending is very charming	1
train	the cast is not moving	0
train	this movie is not messy	1
train	the director's work is so weak	0
train	the acting is dull but the acting is really gripping	1
train	the director's work is gripping but the story is tedious	0
train	the ending was charming and beautiful	1
train	the director's work is not funny	0
train	the director's work is flat but the music is very clever	1
train	the cast is really shallow	0
train	the music was beautiful and wonderful	1
train	the script is charming but the cast is so bad	0
train	the dialogue is very brilliant	1
train	the dialogue was weak and bad	0
train	the script is quite warm	1
train	the story is great but this movie is clumsy	0
train	i admired the story	1
train	i hated the script	0
train	i enjoyed the cast	1
train	the music is wonderful but the pacing is truly boring	0
train	the film is so great	1
train	i regretted the script	0
train	the film is bad but the film is very good	1
train	the director's work is really dull	0
train	the acting is good	1
train	the story was tedious and clumsy	0
train	i loved the pacing	1
train	i disliked the film	0
train	the director's work is boring but the story is truly clever	1
train	i hated the plot	0
train	the dialogue was charming and beautiful	1
train	i disliked the cast	0
train	the dialogue is very brilliant	1
train	the cast is clever but the acting is quite tedious	0
train	the director's work is awful but the acting is truly funny	1
train	this movie is brilliant but the director's work is quite bad	0
train	the dialogue is weak but the script is truly warm	1
train	the dialogue is charming but the script is quite dull	0
train	i adored the acting	1
train	i hated the ending	0
train	the script is predictable but the story is truly moving	1
train	the plot is quite flat	0
train	i enjoyed the director's work	1
train	the cast is very lifeless	0
train	the director's work is bad but the director's work is very great	1
train	the story is good but the plot is very messy	0
train	i admired the pacing	1
train	i resented the plot	0
train	the film is warm	1
train	the plot is not delightful	0
train	the story is boring but the cast is truly clever	1
train	the story was predictable and messy	0
train	the script was funny and gripping	1
train	the music is truly shallow	0
train	the plot is quite gripping	1
train	the acting is not gripping	0
train	the story is not weak	1
train	the pacing was bad and tedious	0
train	the plot is quite warm	1
train	the director's work is truly dull	0
train	the ending was funny and delightful	1
train	the dialogue is good but this movie is quite tedious	0
train	the director's work is flat but the acting is very great	1
train	the story is not wonderful	0
train	the acting is messy but the music is quite clever	1
train	the ending is not charming	0
train	the music was great and gripping	1
train	i regretted the pacing	0
train	the dialogue was wonderful and great	1
train	i regretted the director's work	0
train	the story was good and warm	1
train	the ending is brilliant but the acting is dull	0
train	the pacing is so great	1
train	the film was lifeless and clumsy	0
train	i loved the ending	1
train	the script is moving but the dialogue is really bad	0
train	the music is not awful	1
train	i resented the script	0
train	the dialogue is boring but the pacing is so wonderful	1
train	the plot is wonderful but the ending is really tedious	0
train	i adored the plot	1
train	the dialogue was shallow and shallow	0
train	the dialogue was moving and good	1
train	i hated the pacing	0
train	the dialogue is not messy	1
train	this movie was clumsy and predictable	0
train	the pacing is weak but this movie is quite charming	1
train	the acting is not great	0
train	the music is not flat	1
train	i disliked the dialogue	0
train	the film is tedious but the script is very funny	1
train	i hated the film	0
train	the director's work is quite beautiful	1
train	the director's work is brilliant but the plot is quite messy	0
train	the script is not bad	1
train	the story is very lifeless	0
train	i admired the plot	1
train	i regretted the music	0
train	the ending is really brilliant	1
train	the cast was weak and messy	0
train	the plot was gripping and clever	1
train	the acting is warm but the acting is quite boring	0
train	the cast is dull but the acting is truly funny	1
train	the film was awful and tedious	0
train	i admired the cast	1
train	the story is gripping but the ending is really boring	0
train	the script is not flat	1
train	the story is not funny	0
train	the story is not shallow	1
train	this movie is warm but the cast is quite dull	0
train	the story is dull but the film is truly gripping	1
train	the music is so bad	0
train	the plot is really warm	1
train	the ending was bad and awful	0
train	the acting was funny and moving	1
train	the film is not great	0
train	i adored the ending	1
train	i hated the ending	0
train	this movie is lifeless but the acting is quite great	1
train	this movie is so clumsy	0
train	this movie is not lifeless	1
train	the plot is gripping but the cast is flat	0
train	i loved the cast	1
train	the script is not wonderful	0
train	the plot was gripping and brilliant	1
train	the script is boring	0
train	the film is not bad	1
train	the director's work was boring and shallow	0
train	i adored the director's work	1
train	the director's work was bad and tedious	0
train	i loved the pacing	1
train	the director's work is really clumsy	0
train	the film is so gripping	1
train	i disliked the pacing	0
train	i adored the ending	1
train	i resented the ending	0
train	the pacing is awful but the director's work is so charming	1
train	the pacing was awful and dull	0
train	the cast is very wonderful	1
train	the music is wonderful but this movie is dull	0
train	i admired the cast	1
train	the plot is not gripping	0
train	the acting is not lifeless	1
train	i regretted the plot	0
train	i adored the plot	1
train	the pacing is not moving	0
train	this movie is not weak	1
train	the pacing is quite lifeless	0
train	i admired the dialogue	1
train	the music is good but the pacing is so boring	0
train	the dialogue is flat but the pacing is very warm	1
train	the film is truly messy	0
train	the plot is really funny	1
train	i hated the cast	0
train	the story was wonderful and delightful	1
train	the pacing is great but the acting is quite tedious	0
train	the plot is so warm	1
train	the music is delightful but the cast is so weak	0
train	the music is not tedious	1
train	the music is shallow	0
train	the dialogue was great and wonderful	1
train	the pacing is moving but the pacing is quite lifeless	0
train	the acting was charming and good	1
train	i disliked the director's work	0
train	the pacing is lifeless but the acting is really good	1
train	the script is not brilliant	0
train	the story is bad but the story is so funny	1
train	the cast is brilliant but the cast is really weak	0
train	i admired the ending	1
train	the script is wonderful but the dialogue is really predictable	0
train	the plot is very brilliant	1
train	the story is so awful	0
train	i adored the director's work	1
train	the film is predictable	0
train	the pacing was delightful and brilliant	1
train	the music is really shallow	0
train	this movie is not boring	1
train	the script is not warm	0
train	the acting is not weak	1
train	the dialogue was messy and weak	0
train	the film was funny and brilliant	1
train	the director's work is very weak	0
train	the dialogue is not predictable	1
train	the dialogue is brilliant but the cast is quite dull	0
train	the film is not shallow	1
train	the dialogue is not funny	0
train	i enjoyed the film	1
train	the director's work was messy and bad	0
train	the director's work is dull but the dialogue is really charming	1
train	the story is not charming	0
train	the story was great and charming	1
train	the cast is not brilliant	0
train	the dialogue is not predictable	1
train	the music is quite predictable	0
train	the pacing is very brilliant	1
train	the script is so awful	0
train	the script was charming and delightful	1
train	the acting is not funny	0
train	the script is weak but the acting is really charming	1
train	the script is not warm	0
train	i loved the script	1
train	this movie is not warm	0
train	the story is really moving	1
train	the plot is really clumsy	0
train	the script is tedious but the acting is truly gripping	1
train	i regretted the plot	0
train	the ending is really charming	1
train	i hated the music	0
train	the acting is not flat	1
train	the script is really shallow	0
train	the dialogue is so charming	1
train	the cast is not delightful	0
train	the script is truly brilliant	1
train	the ending is really predictable	0
train	i loved this movie	1
train	the film was predictable and awful	0
train	this movie is not predictable	1
train	the script was awful and boring	0
train	the music is so clever	1
train	the director's work is charming but the dialogue is clumsy	0
train	the ending is really funny	1
train	i disliked the plot	0
train	i loved the story	1
train	the dialogue is really awful	0
train	the acting is tedious but this movie is really brilliant	1
train	the plot is weak	0
train	the plot is charming	1
train	the director's work is delightful but the cast is very tedious	0
train	this movie is very brilliant	1
train	i disliked the ending	0
train	the music is bad but the pacing is quite beautiful	1
train	the plot is not funny	0
train	the script is flat but the story is very wonderful	1
train	i resented the plot	0
train	i loved the pacing	1
train	the film is very dull	0
train	the script is charming	1
train	the music is really weak	0
train	the cast is very brilliant	1
train	the cast is not gripping	0
train	the music is gripping	1
train	the acting was tedious and clumsy	0
train	the plot is really wonderful	1
train	the director's work is not clever	0
train	the story was warm and good	1
train	i resented the pacing	0
train	the pacing is really warm	1
train	the acting is not funny	0
train	the cast was brilliant and clever	1
train	the pacing is truly weak	0
train	i adored the ending	1
train	this movie was lifeless and awful	0
train	i adored the plot	1
train	the dialogue was boring and lifeless	0
train	i enjoyed the pacing	1
train	the film is not wonderful	0
train	the dialogue is not messy	1
train	the acting is great but the plot is so dull	0
train	the pacing is not awful	1
train	i resented the ending	0
train	i adored the film	1
train	the music is not wonderful	0
train	the dialogue was funny and warm	1
train	the ending was messy and flat	0
train	the music is not flat	1
train	the dialogue is not good	0
train	the director's work is predictable but the dialogue is very good	1
train	the acting was weak and bad	0
train	the acting is bad but the director's work is really good	1
train	the music is warm but the cast is really dull	0
train	the pacing is truly good	1
train	the plot is so awful	0
train	the story is tedious but the story is really good	1
train	the acting is not warm	0
train	the plot is boring but the acting is gripping	1
train	this movie is quite predictable	0
train	this movie is not dull	1
train	the music was predictable and messy	0
train	i enjoyed the plot	1
train	the ending was weak and tedious	0
train	the plot is not messy	1
train	the story was weak and dull	0
train	the story is not awful	1
train	the ending was predictable and bad	0
train	the director's work is very delightful	1
train	the acting is not gripping	0
train	the dialogue is messy but the dialogue is very brilliant	1
train	the dialogue is not beautiful	0
train	the story is messy but the script is clever	1
train	the dialogue was boring and clumsy	0
train	the cast was charming and charming	1
train	the cast is charming but this movie is very bad	0
train	the acting is not boring	1
train	the director's work is brilliant but the film is very weak	0
train	this movie was clever and charming	1
train	i resented the story	0
train	the cast was delightful and gripping	1
train	the dialogue is wonderful but the director's work is truly tedious	0
train	the film is not dull	1
train	i resented the dialogue	0
train	the acting is not messy	1
train	this movie is wonderful but the story is quite weak	0
train	the plot is not lifeless	1
train	the ending was tedious and dull	0
train	i loved the ending	1
train	the pacing is delightful but this movie is messy	0
train	this movie is tedious but the cast is so wonderful	1
train	the music is charming but the cast is truly awful	0
train	i adored the cast	1
train	the film is not wonderful	0
train	the dialogue is shallow but the dialogue is so gripping	1
train	the cast is truly boring	0
train	the plot was brilliant and wonderful	1
train	the cast is warm but the story is really predictable	0
train	the ending is lifeless but the director's work is really funny	1
train	i regretted the cast	0
train	the story was beautiful and wonderful	1
train	the music is funny but the story is quite awful	0
train	the music is funny	1
train	the script was predictable and tedious	0
train	i enjoyed the script	1
train	the script is not beautiful	0
train	the script is clumsy but the music is so gripping	1
train	the plot is not clever	0
train	the plot is good	1
train	the script is warm but the dialogue is so weak	0
train	i enjoyed the cast	1
train	i disliked the cast	0
train	the plot was brilliant and brilliant	1
train	the pacing is weak	0
train	the film is not lifeless	1
train	the cast was flat and weak	0
train	the film was warm and warm	1
train	the story is clever but the pacing is really clumsy	0
train	the dialogue is shallow but the story is truly beautiful	1
train	i regretted the film	0
train	the ending is so wonderful	1
train	the dialogue is not warm	0
train	the plot is not clumsy	1
train	i hated the music	0
train	the director's work is so great	1
train	the cast is not charming	0
train	the dialogue is awful but the film is very beautiful	1
train	this movie is brilliant but the acting is so flat	0
train	the script is very good	1
train	the pacing was clumsy and shallow	0
train	i adored the ending	1
train	the script is wonderful but the ending is bad	0
train	the dialogue is boring but the acting is wonderful	1
train	the script is not wonderful	0
train	i adored the director's work	1
train	the story is truly tedious	0
train	the dialogue is awful but the script is really great	1
train	the pacing is clever but the ending is so bad	0
train	the film is so beautiful	1
train	the music is not gripping	0
train	the story is not boring	1
train	the story is delightful but the cast is so flat	0
train	the cast is so gripping	1
train	the plot was bad and boring	0
train	i admired the film	1
train	the music was predictable and predictable	0
train	the director's work is very moving	1
train	i hated the director's work	0
train	the director's work is truly great	1
train	the director's work was boring and dull	0
train	i enjoyed the acting	1
train	the script is very lifeless	0
train	the film is not predictable	1
train	the script is great but the acting is quite flat	0
train	the pacing was gripping and beautiful	1
train	the pacing was messy and predictable	0
train	the film was delightful and warm	1
train	the pacing is really tedious	0
train	i enjoyed the script	1
train	i regretted the plot	0
train	the script is truly good	1
train	the director's work is not wonderful	0
train	i loved the script	1
train	the story was dull and boring	0
train	the script is dull but the story is really charming	1
train	i regretted this movie	0
train	the film is messy but the acting is truly funny	1
train	the acting is truly flat	0
train	i adored this movie	1
train	the pacing was shallow and weak	0
train	the film was beautiful and moving	1
train	the pacing is gripping but the script is so weak	0
train	the director's work is messy but the film is really delightful	1
train	the plot is weak	0
train	the story is truly funny	1
train	the dialogue is so awful	0
train	the dialogue is not weak	1
train	the story is clever but the acting is really predictable	0
train	this movie is not flat	1
train	i hated the music	0
train	i admired the pacing	1
train	this movie is beautiful but the script is very dull	0
train	the story is really gripping	1
train	this movie is gripping but the ending is truly weak	0
train	the ending is not lifeless	1
train	i regretted the pacing	0
train	the film is warm	1
train	the ending is so shallow	0
train	the film was beautiful and warm	1
train	the story is moving but the plot is really shallow	0
train	the story is not tedious	1
train	the film was messy and weak	0
train	this movie is boring but the story is quite good	1
train	the film is shallow	0
train	i adored the director's work	1
train	i hated this movie	0
train	the acting is not tedious	1
train	the film is so predictable	0
train	the pacing is truly brilliant	1
train	the cast was boring and lifeless	0
train	the script is good	1
train	the director's work is not delightful	0
train	the director's work is not predictable	1
train	the director's work is brilliant but the pacing is boring	0
train	the ending is quite delightful	1
train	the pacing was bad and dull	0
train	the film was great and great	1
train	the plot was flat and shallow	0
train	the ending is awful but the acting is really wonderful	1
train	i disliked the acting	0
train	the film was beautiful and great	1
train	this movie was messy and dull	0
train	the acting is weak but the ending is truly wonderful	1
train	the plot is great but the script is really boring	0
train	i enjoyed the director's work	1
train	i resented the cast	0
train	the director's work is clumsy but the director's work is very brilliant	1
train	the story is tedious	0
train	the story is quite brilliant	1
train	the ending is clever but the music is quite dull	0
train	the music is so beautiful	1
train	the acting is good but the music is so bad	0
train	this movie is clumsy but the script is quite clever	1
train	the plot was clumsy and predictable	0
train	i loved the ending	1
train	the cast was dull and boring	0
train	the ending is not bad	1
train	the script is not good	0
train	the acting is very wonderful	1
train	the script was boring and messy	0
train	the acting is not tedious	1
train	the director's work is really weak	0
train	the music is not lifeless	1
train	the story is really boring	0
train	the plot was brilliant and great	1
train	the ending was lifeless and flat	0
train	the script is boring but this movie is truly charming	1
train	the ending is so flat	0
train	this movie is very great	1
train	the film is truly bad	0
train	the story was brilliant and gripping	1
train	i hated the music	0
train	i loved the film	1
train	this movie was shallow and tedious	0
train	the pacing was great and funny	1
train	i hated the script	0
train	i loved the ending	1
train	this movie is not beautiful	0
train	the plot is bad but the cast is brilliant	1
train	i hated the plot	0
train	i enjoyed the director's work	1
train	the pacing is so awful	0
train	the story was brilliant and great	1
train	the script was messy and dull	0
train	the story was moving and wonderful	1
train	the acting is bad	0
train	the music was clever and moving	1
train	i disliked the film	0
train	the pacing is not boring	1
train	the pacing was predictable and messy	0
train	this movie is awful but the pacing is quite good	1
train	the dialogue is not brilliant	0
train	the pacing was brilliant and beautiful	1
train	the pacing was flat and boring	0
train	the cast is truly delightful	1
train	the acting is brilliant but the cast is quite tedious	0
train	the plot is moving	1
train	the story is wonderful but the pacing is truly dull	0
train	the plot is weak but the story is truly delightful	1
train	the pacing was dull and shallow	0
train	the film is clumsy but the music is quite clever	1
train	the film is very dull	0
train	this movie is not bad	1
train	the acting was lifeless and clumsy	0
train	the story is very beautiful	1
train	the dialogue is not moving	0
train	the ending was clever and great	1
train	the story is very lifeless	0
train	the film is not boring	1
train	the dialogue is clever but the plot is quite lifeless	0
train	the ending is messy but the director's work is truly clever	1
train	the plot is not clever	0
train	the story is not awful	1
train	i disliked the cast	0
train	i admired the cast	1
train	this movie is clever but the script is so shallow	0
train	the script is boring but the cast is wonderful	1
train	the plot was shallow and tedious	0
train	the director's work is not shallow	1
train	the dialogue was tedious and messy	0
train	the acting was delightful and clever	1
train	i disliked the cast	0
train	the music is really beautiful	1
train	the story is delightful but the pacing is really weak	0
train	i admired the director's work	1
train	this movie is so clumsy	0
train	this movie is not dull	1
train	the pacing is brilliant but the music is really dull	0
train	i enjoyed the director's work	1
train	i hated the dialogue	0
train	the script is truly charming	1
train	the dialogue is not good	0
train	the pacing is awful but this movie is truly clever	1
train	the ending was predictable and shallow	0
train	i loved the story	1
train	the music was tedious and bad	0
train	the plot is quite warm	1
train	the plot is warm but this movie is quite boring	0
train	this movie is not awful	1
train	the dialogue is warm but the story is very boring	0
train	the cast was charming and charming	1
train	the music is so messy	0
train	the acting is not awful	1
train	the pacing is not funny	0
train	the story is so funny	1
train	the acting is so weak	0
train	the plot is quite great	1
train	the film is not wonderful	0
train	the pacing is really good	1
train	the ending was flat and shallow	0
train	the cast is not dull	1
train	this movie is not clever	0
train	the film is predictable but the ending is really charming	1
train	this movie is beautiful but the director's work is truly awful	0
train	i adored the music	1
train	i regretted the ending	0
train	the acting is not predictable	1
train	the story is not delightful	0
train	the film is not lifeless	1
train	the acting is beautiful but the story is tedious	0
train	i enjoyed this movie	1
train	i disliked the script	0
train	the director's work is bad but the script is so wonderful	1
train	the dialogue is so flat	0
train	this movie is not bad	1
train	the pacing is truly awful	0
train	i admired the film	1
train	the acting is very shallow	0
train	the dialogue is lifeless but the ending is really brilliant	1
train	the dialogue is flat	0
train	i loved the music	1
train	the film was dull and bad	0
train	the dialogue is weak but the script is so gripping	1
train	the pacing is so weak	0
train	the music was clever and wonderful	1
train	i resented the ending	0
train	the ending is not predictable	1
train	i resented the film	0
train	the cast is delightful	1
train	the acting is truly tedious	0
train	i loved the story	1
train	the ending is quite predictable	0
train	the script is boring but the acting is so beautiful	1
train	the music is wonderful but the film is weak	0
train	the plot is warm	1
train	i resented the script	0
train	the pacing is very clever	1
train	the story is not charming	0
train	the film was great and delightful	1
train	the plot is not great	0
train	the cast was good and gripping	1
train	the acting is funny but this movie is so clumsy	0
train	the plot is not lifeless	1
train	the story is so predictable	0
train	the acting was clever and charming	1
train	i hated this movie	0
train	the story was gripping and delightful	1
train	this movie is not good	0
train	the cast is truly good	1
train	the plot is quite predictable	0
train	the music is not awful	1
train	i disliked the plot	0
train	the film was gripping and great	1
train	the film was weak and awful	0
train	the cast was gripping and charming	1
train	the pacing is great but the film is very flat	0
train	i admired the pacing	1
train	the plot is good but the film is really lifeless	0
train	this movie was charming and warm	1
train	this movie is brilliant but the director's work is truly lifeless	0
train	the dialogue is not shallow	1
train	this movie was tedious and clumsy	0
train	i adored the ending	1
train	the music is wonderful but the story is boring	0
train	this movie is not lifeless	1
train	i regretted the film	0
train	the plot is quite great	1
train	the film is not moving	0
train	i loved the music	1
train	the script is not moving	0
train	i admired the ending	1
train	i disliked the music	0
train	the script was funny and gripping	1
train	the script is very shallow	0
train	the cast is weak but the film is truly clever	1
train	the director's work is not brilliant	0
train	the ending is not weak	1
train	i resented the cast	0
train	the story is not weak	1
train	the pacing is really shallow	0
train	i adored the music	1
train	this movie is not beautiful	0
train	the film is really brilliant	1
train	the plot is great but the director's work is flat	0
train	the ending is lifeless but the plot is very charming	1
train	the film is not warm	0
train	the pacing is warm	1
train	the film is very bad	0
train	this movie is flat but the story is truly moving	1
train	this movie is funny but the music is really shallow	0
train	the acting was beautiful and moving	1
train	the dialogue is not great	0
train	i admired the acting	1
train	the music is truly bad	0
train	the acting is predictable but the plot is really delightful	1
train	i hated the pacing	0
train	the plot was wonderful and good	1
train	i disliked the acting	0
train	i enjoyed the cast	1
train	the script is clumsy	0
train	the dialogue is predictable but the music is beautiful	1
train	the plot is very clumsy	0
train	i admired the pacing	1
train	this movie is quite lifeless	0
train	the ending is so warm	1
train	the dialogue is good but the cast is lifeless	0
train	i loved the pacing	1
train	the acting is quite clumsy	0
train	the dialogue is bad but the plot is truly great	1
train	the music is really flat	0
train	i adored the ending	1
train	the acting is brilliant but the script is quite lifeless	0
train	the plot was wonderful and clever	1
train	this movie is clever but the film is shallow	0
train	the dialogue is shallow but the music is truly moving	1
train	i regretted the acting	0
train	the dialogue is really brilliant	1
train	i resented the pacing	0
train	the script is not predictable	1
train	the cast is funny but this movie is very messy	0
train	the pacing is weak but the story is very warm	1
train	the cast is not clever	0
train	the dialogue is truly good	1
train	this movie is not delightful	0
train	the script was brilliant and gripping	1
train	the music is very boring	0
train	the dialogue is not flat	1
train	the plot is wonderful but the ending is really shallow	0
train	the acting is not shallow	1
train	the director's work is messy	0
train	i enjoyed the cast	1
train	this movie is good but the music is truly shallow	0
train	the story is clever	1
train	the dialogue is truly bad	0
train	i loved this movie	1
train	the pacing is not warm	0
train	i adored the director's work	1
train	i resented the director's work	0
train	i admired the script	1
train	i hated the director's work	0
train	the script is really wonderful	1
train	i regretted the ending	0
train	the pacing is not dull	1
train	the plot was predictable and awful	0
train	i enjoyed the story	1
train	the plot is moving but this movie is quite flat	0
train	the film was moving and charming	1
train	the dialogue was dull and bad	0
train	the film was beautiful and good	1
train	the dialogue is wonderful but the music is quite messy	0
train	the script is so beautiful	1
train	the pacing was awful and shallow	0
train	the ending is not bad	1
train	the script is great but the script is really awful	0
train	i adored the script	1
train	the dialogue was boring and awful	0
train	the acting is bad but the film is so moving	1
train	the film was clumsy and weak	0
train	the acting is bad but the dialogue is so wonderful	1
train	i resented the pacing	0
train	the script is not lifeless	1
train	the cast is not brilliant	0
train	the plot is not bad	1
train	the acting is very dull	0
train	the pacing is really wonderful	1
train	i disliked the story	0
train	the script is very funny	1
train	the story is beautiful but the story is really tedious	0
train	the acting is weak but the film is so great	1
train	the dialogue was boring and boring	0
train	the cast is not boring	1
train	the ending is truly tedious	0
train	the story is not weak	1
train	the script was lifeless and dull	0
train	the ending is really warm	1
train	the music is very shallow	0
train	the plot was clever and warm	1
train	the music is great but the script is truly dull	0
train	the pacing is bad but the cast is so gripping	1
train	the acting is not good	0
train	the film is messy but the cast is quite moving	1
train	the script is flat	0
train	the acting is clumsy but the cast is quite moving	1
train	the music is very shallow	0
train	the director's work is quite moving	1
train	the film is not charming	0
train	the pacing is really charming	1
train	the cast is clever but the director's work is quite shallow	0
train	i admired the plot	1
train	this movie was awful and predictable	0
train	the film is shallow but the acting is warm	1
train	i disliked the ending	0
train	the cast was good and good	1
train	the director's work is flat	0
train	the film is bad but the dialogue is really clever	1
train	the script is not good	0
train	the dialogue is not messy	1
train	the music is moving but the pacing is truly shallow	0
train	the film was brilliant and charming	1
train	the script is good but the script is really clumsy	0
train	i enjoyed the ending	1
train	i disliked the pacing	0
train	the acting is not lifeless	1
train	i regretted the story	0
train	i loved the ending	1
train	the cast is very awful	0
train	the story is charming	1
train	i regretted the ending	0
train	the pacing was brilliant and warm	1
train	the script is not brilliant	0
train	the film is not dull	1
train	the dialogue is very flat	0
train	i enjoyed the ending	1
train	i resented the director's work	0
train	i loved the acting	1
train	the plot is brilliant but the film is quite lifeless	0
train	the dialogue is not clumsy	1
train	the plot is not good	0
train	this movie is charming	1
train	this movie is not warm	0
train	the plot is weak but this movie is beautiful	1
train	the plot is charming but the ending is boring	0
train	i admired this movie	1
train	i disliked the ending	0
train	i admired this movie	1
train	the film is really weak	0
train	the pacing was funny and delightful	1
train	the cast is not gripping	0
train	this movie is lifeless but the ending is truly funny	1
train	the director's work was clumsy and dull	0
train	the script is truly funny	1
train	the film is not charming	0
train	the cast was funny and great	1
train	the story is beautiful but the pacing is weak	0
train	the director's work is not shallow	1
train	the ending was bad and shallow	0
train	the script is not bad	1
train	this movie was lifeless and dull	0
train	the ending is not boring	1
train	i resented the pacing	0
train	the story was moving and moving	1
train	i regretted the music	0
train	the ending is flat but the story is gripping	1
train	the cast was tedious and tedious	0
train	the story was funny and warm	1
train	i hated this movie	0
train	i admired the acting	1
train	the story is not delightful	0
train	the ending is so charming	1
train	this movie is not warm	0
train	the story is really funny	1
train	the acting is wonderful but this movie is so boring	0
train	the story is not shallow	1
train	this movie was weak and messy	0
train	the director's work is not awful	1
train	the dialogue is funny but the dialogue is really tedious	0
train	the script is not tedious	1
train	the cast was dull and dull	0
train	the ending is not messy	1
train	the pacing is not funny	0
train	the dialogue was gripping and gripping	1
train	i disliked this movie	0
train	the dialogue was funny and warm	1
train	the script is warm but the ending is very flat	0
train	the acting was beautiful and clever	1
train	this movie is clever but the ending is lifeless	0
train	the director's work is bad but the music is clever	1
train	i hated the dialogue	0
train	the film is flat but this movie is quite great	1
train	the film was bad and dull	0
train	the music is messy but the ending is very delightful	1
train	the plot is not wonderful	0
train	i enjoyed the film	1
train	the film is great but the music is truly flat	0
train	i adored the cast	1
train	the story is truly shallow	0
train	i loved the acting	1
train	the script is really clumsy	0
train	the director's work was beautiful and delightful	1
train	the cast is truly flat	0
train	the acting was brilliant and clever	1
train	the story is not beautiful	0
train	the acting is weak but the story is quite wonderful	1
train	the director's work is really shallow	0
train	this movie is so wonderful	1
train	the music is warm but this movie is very lifeless	0
train	the story is so delightful	1
train	the plot is not beautiful	0
train	the dialogue is not shallow	1
train	the film is so boring	0
train	the acting is so great	1
train	the dialogue is warm but the story is quite bad	0
train	the music is truly wonderful	1
train	the dialogue is quite awful	0
train	the ending is really clever	1
train	i resented the acting	0
train	the music is boring but the director's work is so moving	1
train	i hated the ending	0
train	this movie is so funny	1
train	the ending is beautiful but the cast is really shallow	0
train	the music is tedious but the film is so gripping	1
train	the director's work is not delightful	0
train	the cast is truly wonderful	1
train	the ending is not wonderful	0
train	the pacing is dull but the pacing is really wonderful	1
train	i resented the cast	0
train	the dialogue is lifeless but the ending is very funny	1
train	i regretted the ending	0
train	the music is not flat	1
train	the ending was weak and messy	0
train	the dialogue is clumsy but the pacing is truly clever	1
train	i disliked the script	0
train	i enjoyed the script	1
train	the cast is charming but the film is very clumsy	0
train	the script is not shallow	1
train	i disliked the ending	0
train	the music is quite wonderful	1
train	the plot is weak	0
train	the dialogue was clever and charming	1
train	the music was shallow and weak	0
train	the film was beautiful and brilliant	1
train	the story was predictable and messy	0
train	the film was clever and funny	1
train	the plot is warm but the acting is very lifeless	0
train	the film is not lifeless	1
train	the dialogue is awful	0
train	the acting is not awful	1
train	i resented the acting	0
train	the acting was beautiful and good	1
train	the acting is so messy	0
train	i admired the script	1
train	i resented the music	0
train	the pacing is messy but the plot is really charming	1
train	i disliked this movie	0
train	the plot is predictable but the dialogue is clever	1
train	the cast is delightful but the music is truly predictable	0
train	the ending is not lifeless	1
train	the director's work is gripping but the dialogue is really dull	0
train	the story is not clumsy	1
train	i resented the film	0
train	the ending is boring but the acting is so warm	1
train	the pacing is truly boring	0
train	the plot is not shallow	1
train	the pacing is not brilliant	0
train	i adored the ending	1
train	the plot is quite bad	0
train	this movie is dull but the acting is quite wonderful	1
train	the acting is wonderful but the acting is so boring	0
train	the story is brilliant	1
train	the cast is very shallow	0
train	the music is shallow but the script is quite wonderful	1
train	the ending is so boring	0
train	the dialogue is not tedious	1
train	i hated the dialogue	0
train	the story was charming and brilliant	1
train	the acting is not funny	0
train	this movie is very brilliant	1
train	the dialogue was shallow and dull	0
train	the ending was funny and beautiful	1
train	the story is so shallow	0
train	the pacing is lifeless but the film is truly warm	1
train	the dialogue was weak and lifeless	0
train	the ending is not bad	1
train	the film is very bad	0
train	i loved the story	1
train	the music was awful and predictable	0
train	the acting is very warm	1
train	i regretted the cast	0
train	i adored the ending	1
train	the cast is charming but the cast is truly dull	0
train	the cast is so moving	1
train	the story is not funny	0
train	the story was warm and clever	1
train	the director's work is warm but the dialogue is truly predictable	0
train	the story was great and funny	1
train	the director's work is not delightful	0
train	the dialogue was brilliant and great	1
train	the ending is beautiful but the acting is quite clumsy	0
train	the music is so warm	1
train	the dialogue is predictable	0
train	the acting is boring but the film is quite beautiful	1
train	the ending is gripping but the dialogue is really clumsy	0
train	the plot is tedious but the pacing is so charming	1
train	i resented the story	0
train	the script was clever and clever	1
train	the story was weak and boring	0
train	the film is not bad	1
train	i resented the script	0
train	the pacing is good	1
train	i regretted the pacing	0
train	the plot is not flat	1
train	the plot is not delightful	0
train	the acting is delightful	1
train	the story is awful	0
train	the script is not shallow	1
train	the pacing is really shallow	0
train	the cast is quite brilliant	1
train	i resented the ending	0
train	the script is really good	1
train	i resented the cast	0
train	the dialogue is so charming	1
train	this movie is not good	0
train	i enjoyed the plot	1
train	the ending is funny but the dialogue is quite messy	0
train	the acting was delightful and good	1
train	the script is wonderful but the music is truly awful	0
train	the director's work is not shallow	1
train	i regretted the dialogue	0
train	the story is not awful	1
train	i resented the film	0
train	the director's work is boring but the dialogue is quite beautiful	1
train	this movie is not funny	0
train	the ending was charming and clever	1
train	the plot was messy and flat	0
train	the music was funny and charming	1
train	the script is good but the music is really lifeless	0
train	i admired the music	1
train	this movie is quite messy	0
train	i loved the ending	1
train	the director's work is wonderful but the story is so lifeless	0
train	i admired the script	1
train	the pacing was flat and clumsy	0
train	the film was warm and brilliant	1
train	i hated the dialogue	0
train	the film is good	1
train	the acting is not charming	0
train	the film was charming and gripping	1
train	this movie is truly shallow	0
train	i admired this movie	1
train	the plot was bad and clumsy	0
train	the ending is not boring	1
train	the cast is quite weak	0
train	the pacing is quite warm	1
train	this movie is wonderful but the plot is bad	0
train	the music was good and funny	1
train	the music was dull and bad	0
train	the plot is tedious but the cast is very beautiful	1
train	the dialogue is not great	0
train	the cast is not flat	1
train	the acting is funny but the film is really lifeless	0
train	i loved the plot	1
train	the music was dull and clumsy	0
train	the plot was moving and delightful	1
train	the dialogue is not beautiful	0
train	i loved the story	1
train	this movie was clumsy and dull	0
train	i admired the story	1
train	the pacing is truly shallow	0
train	the story is flat but the pacing is so beautiful	1
train	the story was shallow and shallow	0
train	the script is really brilliant	1
train	the music is great but the plot is shallow	0
train	i admired the script	1
train	the music is gripping but the story is truly dull	0
train	the script is not awful	1
train	the story is clever but the cast is quite predictable	0
train	i admired the cast	1
train	i regretted the acting	0
train	the director's work was warm and clever	1
train	the dialogue is not delightful	0
train	i admired this movie	1
train	the pacing was weak and boring	0
train	the dialogue is not bad	1
train	the story is truly flat	0
train	the pacing was moving and clever	1
train	the script is very shallow	0
train	the plot is not shallow	1
train	the cast is not warm	0
train	i adored the acting	1
train	the acting is gripping but the music is really boring	0
train	i enjoyed the film	1
train	the film is great but the film is quite tedious	0
train	this movie is not bad	1
train	the ending is really bad	0
train	the plot is boring but the music is so good	1
train	i hated the story	0
train	the ending is not flat	1
train	the director's work is really bad	0
train	the story is not shallow	1
train	the plot is very shallow	0
train	the film was warm and good	1
train	this movie is good but this movie is quite bad	0
train	this movie was beautiful and funny	1
train	the script is so messy	0
train	the plot was good and warm	1
train	i disliked this movie	0
train	the dialogue is not boring	1
train	the story is funny but this movie is really boring	0
train	the film is so funny	1
train	the cast is not brilliant	0
train	the story is lifeless but the story is very warm	1
train	the script is tedious	0
train	i enjoyed the dialogue	1
train	the music is really tedious	0
train	the music is dull but the music is warm	1
train	i disliked the film	0
train	this movie is weak but the ending is truly charming	1
train	the film is good but the script is so tedious	0
train	the director's work was warm and wonderful	1
train	the plot is so bad	0
train	the script is really great	1
train	this movie is brilliant but the plot is so clumsy	0
train	the story is not flat	1
train	this movie is very flat	0
train	the ending is weak but the cast is truly beautiful	1
train	the script was dull and predictable	0
train	the script was gripping and delightful	1
train	the dialogue is shallow	0
train	the film is tedious but the script is truly brilliant	1
train	the ending is not beautiful	0
train	the story is bad but the acting is truly brilliant	1
train	the dialogue was bad and dull	0
train	the ending is truly wonderful	1
train	i resented the story	0
train	the pacing is bad but the plot is quite great	1
train	the film was weak and weak	0
train	the music is lifeless but the story is quite wonderful	1
train	i hated the film	0
train	i enjoyed the dialogue	1
train	i regretted the acting	0
train	the music is not weak	1
train	i regretted the script	0
train	the ending is bad but the plot is truly brilliant	1
train	the film is wonderful but the acting is quite awful	0
train	i enjoyed the dialogue	1
train	the dialogue is really flat	0
train	the pacing was beautiful and charming	1
train	the plot is really tedious	0
train	the music is so funny	1
train	i resented the dialogue	0
train	i adored the acting	1
train	the music is warm but this movie is very clumsy	0
train	the director's work is messy but the story is very moving	1
train	the acting is moving but the story is quite clumsy	0
train	the film is not dull	1
train	the dialogue is truly tedious	0
train	the pacing is not predictable	1
train	the cast is great but the film is quite weak	0
train	the cast is not dull	1
train	the pacing is so flat	0
train	the story is so clever	1
train	the ending was boring and awful	0
train	the music is predictable but the music is really moving	1
train	this movie was predictable and tedious	0
train	the story is quite warm	1
train	i resented the film	0
train	the film is moving	1
train	the plot is not beautiful	0
train	i adored the story	1
train	the cast was predictable and clumsy	0
train	the story is quite delightful	1
train	the script is not funny	0
train	i admired the music	1
train	i hated the music	0
train	the pacing was delightful and wonderful	1
train	the pacing was shallow and bad	0
train	i loved the cast	1
train	the script is gripping but the acting is very flat	0
train	the ending was moving and good	1
train	i regretted the script	0
train	the plot was warm and beautiful	1
train	the pacing was predictable and shallow	0
train	the film is not tedious	1
train	the cast was lifeless and weak	0
train	the plot is lifeless but the dialogue is quite gripping	1
train	the story is brilliant but the dialogue is quite lifeless	0
train	the cast was good and wonderful	1
train	i hated the film	0
train	the director's work is not lifeless	1
train	this movie is beautiful but the script is quite shallow	0
train	the plot is quite funny	1
train	the script is not wonderful	0
train	the acting is weak but the cast is truly clever	1
train	the ending was boring and flat	0
train	i enjoyed the script	1
train	i regretted the pacing	0
train	the plot is truly wonderful	1
train	the director's work was clumsy and awful	0
train	i enjoyed the story	1
train	the plot is funny but the film is so clumsy	0
train	the dialogue was moving and warm	1
val	i disliked the acting	0
val	i enjoyed the director's work	1
val	the director's work is clever but the pacing is so weak	0
val	the acting is not shallow	1
val	the dialogue is not moving	0
val	the music is so good	1
val	the script is wonderful but the dialogue is so boring	0
val	this movie was wonderful and funny	1
val	this movie is gripping but the dialogue is truly messy	0
val	the cast was great and beautiful	1
val	the ending was tedious and bad	0
val	the cast was gripping and charming	1
val	i disliked the plot	0
val	the plot is very delightful	1
val	i resented the cast	0
val	the pacing was great and wonderful	1
val	this movie is not clever	0
val	the film was gripping and beautiful	1
val	the pacing is warm but the script is lifeless	0
val	the ending is not boring	1
val	the ending was lifeless and flat	0
val	the music was warm and gripping	1
val	the cast is not good	0
val	the director's work is good	1
val	the script is so messy	0
val	the dialogue is truly wonderful	1
val	i resented the plot	0
val	the story is awful but the acting is truly clever	1
val	i hated the pacing	0
val	i enjoyed the plot	1
val	the ending is beautiful but the cast is really awful	0
val	the pacing is quite good	1
val	the ending is so bad	0
val	this movie was wonderful and wonderful	1
val	the music is good but the cast is flat	0
val	the director's work is beautiful	1
val	the cast is charming but the plot is really tedious	0
val	i admired the music	1
val	the director's work is moving but the music is really shallow	0
val	the cast was wonderful and funny	1
val	the dialogue is lifeless	0
val	this movie is not shallow	1
val	the music is lifeless	0
val	i adored the plot	1
val	the pacing is not great	0
val	the story is not bad	1
val	the film was lifeless and messy	0
val	i enjoyed the acting	1
val	the script is not brilliant	0
val	the acting is very wonderful	1
val	the director's work is not warm	0
val	the film was good and great	1
val	the plot is not good	0
val	the cast is very gripping	1
val	i resented the ending	0
val	the acting is not dull	1
val	the film was weak and boring	0
val	the acting is very great	1
val	the ending is really weak	0
val	i enjoyed the story	1
val	the dialogue was predictable and awful	0
val	the plot is lifeless but the music is quite beautiful	1
val	the cast was lifeless and messy	0
val	the dialogue is weak but the ending is very moving	1
val	the director's work is not moving	0
val	the cast is quite delightful	1
val	the plot is truly clumsy	0
val	the pacing is lifeless but this movie is very charming	1
val	i hated the story	0
val	the story is weak but this movie is quite clever	1
val	the film was clumsy and dull	0
val	the cast is clumsy but the acting is truly beautiful	1
val	i resented the director's work	0
val	this movie is messy but this movie is really great	1
val	the music was lifeless and tedious	0
val	the film is delightful	1
val	the pacing was clumsy and boring	0
val	the plot is quite delightful	1
val	the music is not good	0
val	i enjoyed the plot	1
val	the music is delightful but the ending is truly tedious	0
val	the cast is delightful	1
val	the acting is not funny	0
val	the cast is not flat	1
val	the pacing is so tedious	0
val	the cast is not tedious	1
val	the music is quite awful	0
val	the director's work is really charming	1
val	i resented this movie	0
val	this movie was warm and moving	1
val	the music is very tedious	0
val	this movie is not predictable	1
val	the acting is not warm	0
val	the story is messy but the dialogue is quite moving	1
val	the cast is clever but the acting is quite tedious	0
val	the story is really gripping	1
val	i hated the script	0
val	the dialogue is messy but the ending is truly great	1
val	i hated the story	0
val	the cast is weak but the script is very funny	1
val	the plot was boring and clumsy	0
val	the story is very charming	1
val	the music is so lifeless	0
val	the ending is clever	1
val	the plot is quite shallow	0
val	the director's work is quite great	1
val	the ending was predictable and messy	0
val	the dialogue is clumsy but this movie is truly good	1
val	the cast is not good	0
val	the ending is really funny	1
val	the music is not wonderful	0
val	i loved the cast	1
val	the dialogue is truly boring	0
val	the acting is brilliant	1
val	the director's work is charming but the cast is truly lifeless	0
val	this movie is dull but the script is quite charming	1
val	i hated this movie	0
val	the dialogue was brilliant and brilliant	1
val	the cast is quite dull	0
val	the story is quite good	1
val	the script was weak and weak	0
val	i adored the director's work	1
val	the acting was messy and messy	0
val	i admired the dialogue	1
val	the cast is so lifeless	0
val	the director's work is very funny	1
val	i regretted the film	0
val	the film is truly wonderful	1
val	the story is clumsy	0
val	the dialogue is so charming	1
val	the pacing was awful and lifeless	0
val	the plot is not clumsy	1
val	the story is funny but the music is very weak	0
val	the ending was wonderful and funny	1
val	the ending is not warm	0
val	the dialogue is quite great	1
val	the acting is charming but this movie is so flat	0
val	i enjoyed this movie	1
val	the pacing is weak	0
val	this movie is quite good	1
val	i regretted the film	0
val	the ending is truly delightful	1
val	the story is not delightful	0
val	i loved the music	1
val	this movie is good but the dialogue is very flat	0
val	the story is charming	1
val	the acting is great but the plot is quite clumsy	0
val	i adored the music	1
val	the plot is very messy	0
val	the story is weak but the director's work is really charming	1
val	this movie is funny but the ending is truly flat	0
val	the cast is quite great	1
val	the plot is not delightful	0
val	i adored the film	1
val	the cast was clumsy and tedious	0
val	the music is funny	1
val	the script is really boring	0
val	the dialogue was good and charming	1
val	the plot was flat and flat	0
val	the dialogue is not dull	1
val	the plot is so flat	0
val	the director's work is not lifeless	1
val	the film is great but the director's work is very awful	0
val	the plot is shallow but the cast is so clever	1
val	the plot is truly clumsy	0
val	the dialogue is flat but the pacing is truly brilliant	1
val	i hated the story	0
val	the plot is not weak	1
val	the cast is not warm	0
val	the music is not bad	1
val	i regretted the ending	0
val	i loved the director's work	1
val	the cast is lifeless	0
val	i admired the pacing	1
val	the story is not warm	0
val	i loved the director's work	1
val	the pacing is not beautiful	0
val	the music is not tedious	1
val	the ending is quite clumsy	0
val	the music is not lifeless	1
val	i regretted the director's work	0
val	the director's work is really delightful	1
val	the pacing is weak	0
val	the script was funny and brilliant	1
val	the film is very bad	0
val	i loved the cast	1
val	the script was messy and lifeless	0
val	the music was delightful and beautiful	1
val	the film is not charming	0
val	this movie is very delightful	1
val	i hated the dialogue	0
val	the script is messy but the cast is truly good	1
val	the story is quite dull	0
val	i loved the director's work	1
val	i hated the director's work	0
val	the story is flat but the story is delightful	1
val	the script is bad	0
val	i admired the film	1
val	the dialogue is not clever	0
val	the pacing was brilliant and charming	1
val	the script is good but the music is quite lifeless	0
val	this movie was brilliant and beautiful	1
val	the acting is not gripping	0
val	the film is tedious but the script is quite moving	1
val	the cast is boring	0
val	the pacing is gripping	1
val	i resented the story	0
val	the ending is very clever	1
val	the story is brilliant but the pacing is very shallow	0
val	this movie is truly charming	1
val	i resented the plot	0
val	the director's work is not awful	1
val	the acting is moving but the plot is so boring	0
val	the plot is lifeless but the story is quite moving	1
val	the script is clever but the cast is predictable	0
val	the director's work was good and wonderful	1
val	the film is really tedious	0
val	the music was moving and clever	1
val	the film is great but this movie is really awful	0
val	the script is not messy	1
val	the acting was messy and messy	0
val	the dialogue was beautiful and wonderful	1
val	i disliked this movie	0
val	the story was great and delightful	1
val	the script was lifeless and tedious	0
val	the acting was delightful and beautiful	1
val	i resented the ending	0
val	i loved the music	1
val	i disliked the story	0
val	i enjoyed the music	1
val	the dialogue is not great	0
val	the director's work is predictable but the plot is truly gripping	1
val	the acting is so clumsy	0
val	i adored the plot	1
val	the director's work is clever but the plot is so weak	0
val	the script was charming and clever	1
val	the story is gripping but the film is weak	0
val	i enjoyed the plot	1
val	the music is quite weak	0
val	the ending is shallow but the director's work is quite warm	1
val	i regretted the director's work	0
val	the ending is clumsy but the director's work is quite moving	1
val	the plot is very flat	0
val	the plot was warm and beautiful	1
val	i regretted this movie	0
val	the film was clever and warm	1
val	the music is really flat	0
val	the film is not predictable	1
val	the pacing is so flat	0
val	i adored the director's work	1
val	i resented the music	0
val	the cast is not weak	1
val	i resented the dialogue	0
val	the cast is weak but the pacing is quite gripping	1
val	the director's work is wonderful but the script is so shallow	0
val	the music is weak but the acting is quite wonderful	1
val	the ending was shallow and flat	0
val	the pacing is not bad	1
val	i disliked the acting	0
val	i admired the director's work	1
val	the acting is delightful but the director's work is quite dull	0
val	the script is not predictable	1
val	i hated the music	0
val	the film is not weak	1
val	the story is really boring	0
val	the acting is not awful	1
val	the plot was flat and flat	0
val	the pacing was warm and clever	1
val	the story is good but the dialogue is flat	0
val	the acting is very warm	1
val	the plot was lifeless and flat	0
val	the ending is quite great	1
val	the plot was messy and messy	0
val	the music is boring but the story is very good	1
val	i disliked the plot	0
val	the acting is awful but the acting is very brilliant	1
val	the film is not funny	0
val	i admired the ending	1
val	i regretted the film	0
val	the script is dull but the ending is very moving	1
val	the music was dull and flat	0
val	the acting was moving and moving	1
val	the cast was boring and messy	0
val	the story is not tedious	1
val	this movie is not charming	0
val	i loved the acting	1
val	the cast was dull and predictable	0
val	the script was moving and wonderful	1
val	the pacing is good but this movie is flat	0
val	the dialogue is not clumsy	1
val	this movie was weak and awful	0
val	i admired the plot	1
val	i disliked the director's work	0
val	the pacing was warm and clever	1
val	the script is moving but the plot is truly clumsy	0
val	the director's work is lifeless but the film is really great	1
val	the music is not warm	0
val	the pacing is shallow but the cast is so brilliant	1
val	the film was messy and messy	0
val	the pacing is messy but the ending is funny	1
val	the cast is truly boring	0
val	the pacing is bad but the pacing is quite wonderful	1
val	this movie is very clumsy	0
val	i adored the story	1
val	the film is delightful but the plot is really messy	0
val	the acting is clumsy but the ending is clever	1
val	the film is quite awful	0
val	the director's work is not dull	1
val	i hated the script	0
val	the acting is flat but the dialogue is truly charming	1
val	the dialogue is not great	0
val	the plot is very wonderful	1
val	the ending is really flat	0
val	the pacing is clumsy but the music is quite funny	1
val	i hated the pacing	0
val	the director's work is predictable but the story is so delightful	1
val	the cast is funny but this movie is really dull	0
val	the film was good and delightful	1
val	the story is so boring	0
val	the acting is not predictable	1
val	the ending is good but this movie is truly lifeless	0
val	i adored the cast	1
val	the dialogue is shallow	0
val	this movie is dull but the ending is so wonderful	1
val	i disliked the pacing	0
val	the story is quite delightful	1
val	the script was awful and clumsy	0
val	the script is awful but the story is very warm	1
val	this movie is not good	0
val	the story is not bad	1
val	the story is funny but the acting is quite awful	0
val	the story is weak but the story is truly funny	1
val	i hated the film	0
val	the acting is great	1
val	the acting is so weak	0
val	the ending is so gripping	1
val	the music was awful and awful	0
val	the director's work is shallow but the plot is very good	1
val	i hated the pacing	0
val	the film was clever and clever	1
val	the cast is great but the acting is really lifeless	0
val	the ending is moving	1
val	the script is warm but the pacing is really flat	0
val	the director's work is not clumsy	1
val	i regretted the music	0
val	the dialogue was clever and charming	1
val	i disliked the plot	0
val	i adored the music	1
val	the plot is so predictable	0
val	the pacing is tedious but the ending is delightful	1
val	the acting is truly flat	0
val	the acting is shallow but the cast is so clever	1
val	the cast is clever but the dialogue is so bad	0
val	the director's work is very warm	1
val	the pacing is brilliant but the plot is truly clumsy	0
val	i adored the acting	1
val	this movie is not gripping	0
val	the cast is quite gripping	1
val	the ending is so awful	0
val	the acting is not tedious	1
val	the ending is not good	0
val	the acting was great and brilliant	1
val	the acting is not delightful	0
val	the ending is truly wonderful	1
val	the dialogue is quite messy	0
val	the director's work is predictable but the director's work is quite warm	1
val	i hated the plot	0
val	the ending is shallow but the script is very beautiful	1
val	the cast is clever but the ending is really dull	0
val	the music is tedious but the dialogue is quite charming	1
val	i hated the script	0
val	the pacing is awful but the music is quite charming	1
val	the ending is not moving	0
val	the plot was warm and gripping	1
val	i regretted the script	0
val	the dialogue was clever and warm	1
val	the script is bad	0
val	the acting was clever and brilliant	1
val	the pacing is not charming	0
val	i enjoyed the music	1
val	the dialogue is delightful but the director's work is really messy	0
val	i enjoyed the story	1
val	i hated the film	0
val	the music is not boring	1
val	the ending is wonderful but the acting is so lifeless	0
val	i adored the director's work	1
val	the acting was clumsy and weak	0
val	the music was moving and warm	1
val	this movie is moving but the dialogue is really clumsy	0
val	the acting is not boring	1
val	the dialogue is wonderful but the cast is tedious	0
val	the ending is boring but the story is so charming	1
val	the cast is warm but the music is messy	0
val	this movie is tedious but the pacing is quite great	1
val	the plot is moving but the acting is really dull	0
val	the script was clever and great	1
val	the dialogue is beautiful but the dialogue is lifeless	0
val	the pacing was gripping and moving	1
val	i resented the cast	0
val	this movie is not clumsy	1
