# Large assets (course/DESIGN.md 5.11): never committed; `ss fetch <asset>` downloads
# each file into $TINYLLM_CACHE/assets/<asset>/<path> and checks its sha256.
# url is https://, http://, file://, or build:<script> (built locally by a
# maintainer generator under course/oracle/; nothing is published from here).
# asset	path	url	sha256	bytes	license	revision
smollm2-135m	config.json	https://huggingface.co/HuggingFaceTB/SmolLM2-135M/resolve/93efa2f097d58c2a74874c7e644dbc9b0cee75a2/config.json	1d556eab73b69c7f11f64c557a2f9c6f440bd4c6b89bb2584a6b498c92603843	704	Apache-2.0	HuggingFaceTB/SmolLM2-135M@93efa2f097d58c2a74874c7e644dbc9b0cee75a2
smollm2-135m	generation_config.json	https://huggingface.co/HuggingFaceTB/SmolLM2-135M/resolve/93efa2f097d58c2a74874c7e644dbc9b0cee75a2/generation_config.json	2056c988e990b0d13670f63f2f3b87b3b6d07edaf7a3416998ba27dab2d8a059	111	Apache-2.0	HuggingFaceTB/SmolLM2-135M@93efa2f097d58c2a74874c7e644dbc9b0cee75a2
smollm2-135m	model.safetensors	https://huggingface.co/HuggingFaceTB/SmolLM2-135M/resolve/93efa2f097d58c2a74874c7e644dbc9b0cee75a2/model.safetensors	80521b40281d6ce74e35c9282c22539e75aa0ac8578892b2a59955ef78d55da1	269060552	Apache-2.0	HuggingFaceTB/SmolLM2-135M@93efa2f097d58c2a74874c7e644dbc9b0cee75a2
smollm2-135m	special_tokens_map.json	https://huggingface.co/HuggingFaceTB/SmolLM2-135M/resolve/93efa2f097d58c2a74874c7e644dbc9b0cee75a2/special_tokens_map.json	e786b595b9a23148bf1630df78d9037a048ea671e48bfd3549a1e3c233742bb3	831	Apache-2.0	HuggingFaceTB/SmolLM2-135M@93efa2f097d58c2a74874c7e644dbc9b0cee75a2
smollm2-135m	tokenizer.json	https://huggingface.co/HuggingFaceTB/SmolLM2-135M/resolve/93efa2f097d58c2a74874c7e644dbc9b0cee75a2/tokenizer.json	9ca9acddb6525a194ec8ac7a87f24fbba7232a9a15ffa1af0c1224fcd888e47c	2104556	Apache-2.0	HuggingFaceTB/SmolLM2-135M@93efa2f097d58c2a74874c7e644dbc9b0cee75a2
smollm2-135m	tokenizer_config.json	https://huggingface.co/HuggingFaceTB/SmolLM2-135M/resolve/93efa2f097d58c2a74874c7e644dbc9b0cee75a2/tokenizer_config.json	4bb9af56a342753d39374f4016a16574cab299fe088e896f425ce3c433f61424	3658	Apache-2.0	HuggingFaceTB/SmolLM2-135M@93efa2f097d58c2a74874c7e644dbc9b0cee75a2
smollm2-135m-instruct	config.json	https://huggingface.co/HuggingFaceTB/SmolLM2-135M-Instruct/resolve/12fd25f77366fa6b3b4b768ec3050bf629380bac/config.json	8eb740e8bbe4cff95ea7b4588d17a2432deb16e8075bc5828ff7ba9be94d982a	861	Apache-2.0	HuggingFaceTB/SmolLM2-135M-Instruct@12fd25f77366fa6b3b4b768ec3050bf629380bac
smollm2-135m-instruct	generation_config.json	https://huggingface.co/HuggingFaceTB/SmolLM2-135M-Instruct/resolve/12fd25f77366fa6b3b4b768ec3050bf629380bac/generation_config.json	87b916edaaab66b3899b9d0dd0752727dff6666686da0504d89ae0a6e055a013	132	Apache-2.0	HuggingFaceTB/SmolLM2-135M-Instruct@12fd25f77366fa6b3b4b768ec3050bf629380bac
smollm2-135m-instruct	model.safetensors	https://huggingface.co/HuggingFaceTB/SmolLM2-135M-Instruct/resolve/12fd25f77366fa6b3b4b768ec3050bf629380bac/model.safetensors	5af571cbf074e6d21a03528d2330792e532ca608f24ac70a143f6b369968ab8c	269060552	Apache-2.0	HuggingFaceTB/SmolLM2-135M-Instruct@12fd25f77366fa6b3b4b768ec3050bf629380bac
smollm2-135m-instruct	special_tokens_map.json	https://huggingface.co/HuggingFaceTB/SmolLM2-135M-Instruct/resolve/12fd25f77366fa6b3b4b768ec3050bf629380bac/special_tokens_map.json	2b7379f3ae813529281a5c602bc5a11c1d4e0a99107aaa597fe936c1e813ca52	655	Apache-2.0	HuggingFaceTB/SmolLM2-135M-Instruct@12fd25f77366fa6b3b4b768ec3050bf629380bac
smollm2-135m-instruct	tokenizer.json	https://huggingface.co/HuggingFaceTB/SmolLM2-135M-Instruct/resolve/12fd25f77366fa6b3b4b768ec3050bf629380bac/tokenizer.json	9ca9acddb6525a194ec8ac7a87f24fbba7232a9a15ffa1af0c1224fcd888e47c	2104556	Apache-2.0	HuggingFaceTB/SmolLM2-135M-Instruct@12fd25f77366fa6b3b4b768ec3050bf629380bac
smollm2-135m-instruct	tokenizer_config.json	https://huggingface.co/HuggingFaceTB/SmolLM2-135M-Instruct/resolve/12fd25f77366fa6b3b4b768ec3050bf629380bac/tokenizer_config.json	4ec77d44f62efeb38d7e044a1db318f6a939438425312dfa333b8382dbad98df	3764	Apache-2.0	HuggingFaceTB/SmolLM2-135M-Instruct@12fd25f77366fa6b3b4b768ec3050bf629380bac
