# key	metric	direction	mode	mean	sd	n	threshold	values
L0.5/test_learns_two_moons	loss	max	full	0.009979442228	0.005244352745	5	0.02571250046	0.00421302882,0.007338730153,0.01649905741,0.01449400466,0.007352390094
L0.5/test_learns_xor	loss	max	full	0.0007608350541	0.0004351009715	5	0.002066137968	0.0005937489914,0.0005224404158,0.001506789471,0.0004201685952,0.0007610277971
L2.2/test_nplm_learns_the_corpus	val_ppl	max	full	2.303816128	0.05940314379	5	2.482025559	2.242641368,2.375827801,2.296843899,2.352533671,2.2512339
L2.3/test_sgns_learns_word_classes	spearman	min	full	0.7293070772	0.0136578479	5	0.6883335335	0.7425848777,0.7222072706,0.7089023559,0.7354489822,0.7373918994
L3.5/test_contextual_layers_disambiguate	bilm_loss	max	full	0.3532095611	0.005227900196	5	0.3688932617	0.3524338603,0.361418277,0.3542969823,0.350338161,0.3475605249
L3.6/test_lstm_learns_characters	val_bpc	max	full	0.8134525566	0.03130365937	5	0.9073635347	0.7639511811,0.828505819,0.82451523,0.8457227803,0.8045677723
L4.1/test_attention_learns_to_reverse	exact_match	min	full	0.93	0.03535533906	5	0.8239339828	0.95,0.94,0.93,0.87,0.96
L5.5/test_learns_reversed_addition	val_loss	max	full	0.6921482921	0.1046626575	5	1.006136265	0.7046992779,0.5131163001,0.725250721,0.7872665524,0.7304086089
L6.1/test_learns_byte_stories	val_loss	max	full	2.235237279	0.06377182662	5	2.426552759	2.214557561,2.23124719,2.338651365,2.16401386,2.22771642
L6.5/test_classifier_learns_sentiment	val_acc	min	full	0.918	0.002738612788	5	0.9097841616	0.915,0.9175,0.9225,0.9175,0.9175
MS-L2/nplm-eval	ppl	max	full	1.562042746	0.01536898674	5	1.608149707	1.543439685,1.575634864,1.567882532,1.575404336,1.547852316
MS-L2/nplm-eval	ppl	max	smoke	1.562042746	0.01536898674	5	1.608149707	1.543439685,1.575634864,1.567882532,1.575404336,1.547852316
MS-L3/gru	val_bpc	max	full	2.718527888	0.0328902261	5	2.817198566	2.705702095,2.770606323,2.730417482,2.692157748,2.693755791
MS-L3/gru	val_bpc	max	smoke	2.845264221	0.01180219727	5	2.880670813	2.829591657,2.848806068,2.856064501,2.855454732,2.836404147
MS-L3/lstm	val_bpc	max	full	2.535060571	0.007333546885	5	2.557061212	2.546566467,2.526900303,2.531455453,2.536438815,2.53394182
MS-L3/lstm	val_bpc	max	smoke	2.855694288	0.0104568057	5	2.887064705	2.850510339,2.872588356,2.845318902,2.852149692,2.85790415
MS-L3/lstm-ts	val_bpc	max	full	0.4367559534	0.00438760902	5	0.4499187805	0.4318084178,0.4408567906,0.4323876411,0.4381327773,0.4405941406
MS-L3/lstm-ts	val_bpc	max	smoke	0.6171460945	0.02496219597	5	0.6920326824	0.6280307944,0.6488551701,0.5863657272,0.597986213,0.6244925679
MS-L3/lstm-ts-eval	bpb	max	full	0.4238220378	0.003800900661	5	0.4352247398	0.4171058017,0.4258074188,0.4246590512,0.4262465693,0.4252913482
MS-L3/lstm-ts-eval	bpb	max	smoke	0.597362581	0.0227178737	5	0.6655162022	0.610071498,0.6266030011,0.5679746386,0.5838243729,0.5983393947
MS-L3/rnn	val_bpc	max	full	2.779746933	0.01818765935	5	2.834309911	2.759088621,2.784215758,2.78242225,2.766781521,2.806226516
MS-L3/rnn	val_bpc	max	smoke	2.945013338	0.01693910362	5	2.995830649	2.933294327,2.940719149,2.974916839,2.938864438,2.937271937
MS-L6/finetune-bert	acc	min	full	0.641	0.04029578142	5	0.5201126557	0.6825,0.6375,0.575,0.6525,0.6575
MS-L6/finetune-bert	acc	min	smoke	0.499	0.002236067977	5	0.4922917961	0.5,0.5,0.5,0.5,0.495
MS-L6/finetune-electra	acc	min	full	0.557	0.04090385067	5	0.434288448	0.625,0.525,0.5625,0.5275,0.545
MS-L6/finetune-electra	acc	min	smoke	0.5045	0.006224949799	5	0.4858251506	0.5,0.5,0.5,0.51,0.5125
MS-L6/gpt-train	val_loss	max	full	0.2676794875	0.001423668679	5	0.2719504936	0.269286239,0.2669624496,0.2676053881,0.2688003127,0.2657430483
MS-L6/gpt-train	val_loss	max	smoke	1.938584461	0.02942944659	5	2.026872801	1.924489157,1.918839546,1.923030234,1.989871066,1.936692303
