# mid	unit	tier	operator	line	required	public	private
s01	c/src/runtime/arena.c	semantic	pitfall-1	101	y	(hidden until pass)	padding not counted in bytes_used
s02	c/src/runtime/arena.c	semantic	pitfall-2	45	y	(hidden until pass)	alignment of the offset, not of the address
s03	c/src/runtime/arena.c	semantic	pitfall-2	85	y	(hidden until pass)	align 0 not mapped to 64
s04	c/src/runtime/arena.c	semantic	validate	81	y	(hidden until pass)	n == 0 accepted
s05	c/src/runtime/arena.c	semantic	pitfall-3	179	y	(hidden until pass)	reset ignores the mark's block
s06	c/src/runtime/arena.c	semantic	pitfall-3	178	y	(hidden until pass)	bytes before the mark's block not recomputed
s07	c/src/runtime/arena.c	semantic	pitfall-4	172	y	(hidden until pass)	a later mark is applied
s08	c/src/runtime/arena.c	semantic	pitfall-5	112	y	(hidden until pass)	always a new block when the current one is full
s09	c/src/runtime/arena.c	semantic	pitfall-5	176	y	(hidden until pass)	reset frees the later blocks
s10	c/src/runtime/arena.c	semantic	pitfall-6	120	y	(hidden until pass)	oversized request gets a default-size block
s11	c/src/runtime/arena.c	semantic	pitfall-1	178	y	(hidden until pass)	high_water follows bytes_used down
s12	c/src/runtime/arena.c	semantic	fault	197	y	(hidden until pass)	the arena struct leaks when the first block fails
s13	c/src/runtime/arena.c	semantic	fault	126	y	(hidden until pass)	the block list grows after the block allocation fails
m001	c/src/runtime/arena.c	auto	boundary	99	n	fit check changed	n < instead of n <=
m002	c/src/runtime/arena.c	auto	constant	86	n	the alignment limit changed	8192 accepted
m003	c/src/runtime/arena.c	auto	stmt_delete	142	n	the leaving block's size is not recorded	used of the left block not set
m004	c/src/runtime/arena.c	auto	return	56	n	create ignores a failed allocation	no NULL check
